<?xml version='1.0' encoding='UTF-8'?>
<instance>
	<presentation benchmark="RandomDCOP" constraintModel="TKC" format="XDisCSP 1.0" model="Simple" name="instance1" type="DCOP" />
	<agents nbAgents="10">
		<agent description="agent 1" id="1" name="A1" />
		<agent description="agent 2" id="2" name="A2" />
		<agent description="agent 3" id="3" name="A3" />
		<agent description="agent 4" id="4" name="A4" />
		<agent description="agent 5" id="5" name="A5" />
		<agent description="agent 6" id="6" name="A6" />
		<agent description="agent 7" id="7" name="A7" />
		<agent description="agent 8" id="8" name="A8" />
		<agent description="agent 9" id="9" name="A9" />
		<agent description="agent 10" id="10" name="A10" />
	</agents>
	<domains nbDomains="1">
		<domain name="D1" nbValues="10">1..10</domain>
	</domains>
	<variables nbVariables="10">
		<variable agent="A1" description="variable 1.1" domain="D1" id="1" name="X1.1" />
		<variable agent="A2" description="variable 2.1" domain="D1" id="1" name="X2.1" />
		<variable agent="A3" description="variable 3.1" domain="D1" id="1" name="X3.1" />
		<variable agent="A4" description="variable 4.1" domain="D1" id="1" name="X4.1" />
		<variable agent="A5" description="variable 5.1" domain="D1" id="1" name="X5.1" />
		<variable agent="A6" description="variable 6.1" domain="D1" id="1" name="X6.1" />
		<variable agent="A7" description="variable 7.1" domain="D1" id="1" name="X7.1" />
		<variable agent="A8" description="variable 8.1" domain="D1" id="1" name="X8.1" />
		<variable agent="A9" description="variable 9.1" domain="D1" id="1" name="X9.1" />
		<variable agent="A10" description="variable 10.1" domain="D1" id="1" name="X10.1" />
	</variables>
	<constraints initialCost="0" maximalCost="infinity" nbConstraints="17">
		<constraint arity="2" model="TKC" name="C0" reference="R0" scope="X1.1 X3.1" />
		<constraint arity="2" model="TKC" name="C1" reference="R1" scope="X1.1 X10.1" />
		<constraint arity="2" model="TKC" name="C2" reference="R2" scope="X2.1 X8.1" />
		<constraint arity="2" model="TKC" name="C3" reference="R3" scope="X2.1 X7.1" />
		<constraint arity="2" model="TKC" name="C4" reference="R4" scope="X3.1 X9.1" />
		<constraint arity="2" model="TKC" name="C5" reference="R5" scope="X3.1 X10.1" />
		<constraint arity="2" model="TKC" name="C6" reference="R6" scope="X3.1 X8.1" />
		<constraint arity="2" model="TKC" name="C7" reference="R7" scope="X3.1 X4.1" />
		<constraint arity="2" model="TKC" name="C8" reference="R8" scope="X3.1 X5.1" />
		<constraint arity="2" model="TKC" name="C9" reference="R9" scope="X4.1 X9.1" />
		<constraint arity="2" model="TKC" name="C10" reference="R10" scope="X4.1 X7.1" />
		<constraint arity="2" model="TKC" name="C11" reference="R11" scope="X4.1 X10.1" />
		<constraint arity="2" model="TKC" name="C12" reference="R12" scope="X5.1 X6.1" />
		<constraint arity="2" model="TKC" name="C13" reference="R13" scope="X5.1 X7.1" />
		<constraint arity="2" model="TKC" name="C14" reference="R14" scope="X6.1 X8.1" />
		<constraint arity="2" model="TKC" name="C15" reference="R15" scope="X7.1 X10.1" />
		<constraint arity="2" model="TKC" name="C16" reference="R16" scope="X9.1 X10.1" />
	</constraints>
	<relations nbRelations="17">
		<relation arity="2" defaultCost="infinity" name="R0" nbTuples="100" semantics="soft">69:1 4|80:9 7|17:5 8|88:4 6|86:8 9|91:1 6|97:7 4|49:7 1|63:5 6|54:6 10|1:2 1|13:9 1|57:1 9|10:10 3|66:3 2|86:10 10|29:2 3|93:5 7|80:6 9|27:4 8|20:4 7|33:1 2|34:3 6|36:8 1|16:6 1|9:2 7|10:7 3|57:8 3|6:2 8|71:10 5|46:8 5|25:3 1|71:7 10|47:7 8|54:10 7|1:6 3|69:9 9|36:6 2|75:4 5|56:6 7|35:6 6|11:5 3|77:7 9|9:8 10|0:3 5|55:5 9|20:9 6|86:7 7|91:1 5|57:5 4|43:10 9|3:2 6|55:8 8|60:9 5|33:4 3|72:4 2|38:7 5|78:4 4|27:3 9|37:5 10|41:3 8|11:1 7|2:2 5|83:2 2|98:6 5|13:9 4|32:9 10|54:1 3|14:10 8|37:1 8|63:10 6|66:1 10|2:10 4|2:5 5|49:9 8|96:3 4|7:4 10|94:7 2|72:6 4|43:9 3|81:6 8|52:8 4|94:3 3|92:2 4|88:7 6|74:4 1|12:10 2|62:4 9|40:2 9|51:3 7|88:3 10|24:5 1|25:1 1|38:9 2|81:8 6|67:10 1|46:2 10|72:8 2|89:8 7|91:5 2</relation>
		<relation arity="2" defaultCost="infinity" name="R1" nbTuples="100" semantics="soft">98:8 3|28:7 2|45:2 2|31:4 4|82:6 8|4:1 9|56:5 8|95:7 1|42:3 1|87:10 7|65:7 6|61:8 4|67:8 10|29:8 8|10:8 1|47:1 6|90:5 1|85:9 4|90:4 7|20:4 5|20:9 7|36:4 9|51:9 5|24:7 3|46:1 3|57:5 5|42:6 4|27:1 2|69:9 3|95:8 5|97:6 1|4:1 4|10:10 6|81:1 8|9:10 9|57:5 4|29:1 1|13:3 8|44:3 9|76:3 3|92:9 2|16:7 5|76:10 10|42:3 7|30:6 3|88:10 2|45:3 6|44:2 9|9:5 2|9:5 10|85:8 9|72:7 10|90:1 5|35:3 5|43:2 8|71:7 9|69:10 1|66:4 1|90:5 6|34:5 7|57:9 6|81:8 7|66:4 6|33:3 10|69:10 4|22:2 10|24:5 9|83:4 2|23:6 5|12:9 10|47:7 7|0:2 4|90:9 1|32:1 7|91:2 6|81:10 3|73:2 3|21:6 10|72:6 2|5:2 7|9:2 5|89:4 8|38:6 7|61:4 10|97:10 5|91:6 9|82:3 4|6:1 10|55:7 8|75:3 2|12:2 1|21:9 9|24:7 4|82:4 3|4:5 3|66:8 6|84:8 2|93:10 8|41:6 6|79:9 8</relation>
		<relation arity="2" defaultCost="infinity" name="R2" nbTuples="100" semantics="soft">99:6 4|48:3 9|71:10 10|77:1 4|46:8 8|24:7 3|58:8 2|77:3 7|35:6 6|53:6 5|83:7 4|36:2 6|20:7 10|95:10 8|57:4 9|83:1 2|67:9 7|22:6 2|20:9 9|58:1 8|44:1 1|45:4 5|87:4 8|68:5 6|31:3 2|36:9 3|85:1 6|37:7 5|84:6 10|57:4 7|51:8 7|80:6 7|32:6 1|14:4 1|32:2 1|88:4 6|15:7 7|4:5 5|76:5 9|6:4 3|33:7 8|43:7 6|43:9 8|80:7 1|96:2 5|55:5 1|7:7 9|84:10 6|60:2 8|83:10 3|80:3 1|76:5 8|54:1 9|42:1 3|46:8 1|49:5 2|78:2 9|24:5 3|16:4 2|42:9 5|11:1 7|87:6 3|53:3 3|7:1 5|63:2 3|47:7 2|46:9 4|0:8 3|42:9 10|44:10 7|10:8 10|99:3 6|75:2 2|77:9 1|34:8 9|44:6 9|47:9 6|66:2 7|17:4 10|6:5 7|77:10 1|34:3 4|85:1 10|93:5 4|36:4 4|15:8 4|14:10 9|67:3 10|35:8 6|66:5 10|35:8 5|12:10 5|36:3 5|63:9 2|58:10 2|78:2 4|31:10 4|86:3 8|20:6 8|99:2 10</relation>
		<relation arity="2" defaultCost="infinity" name="R3" nbTuples="100" semantics="soft">42:3 9|28:8 7|87:10 4|89:10 10|87:5 1|21:6 10|66:9 8|12:2 9|73:7 6|47:7 9|93:5 10|85:2 8|68:6 7|66:3 8|27:5 8|69:10 9|71:2 4|59:1 6|13:4 9|22:9 3|98:10 6|20:1 8|71:4 5|48:9 4|39:10 3|97:9 9|5:7 1|61:1 5|11:9 5|79:7 8|11:9 2|61:1 9|83:10 5|61:8 8|1:4 8|71:6 6|7:6 1|19:5 2|1:6 3|80:5 4|6:9 7|83:4 6|40:3 3|1:8 4|89:6 9|35:9 6|11:5 6|36:8 2|90:1 4|59:10 2|82:1 3|29:1 2|89:2 5|73:3 5|43:2 10|64:3 2|22:10 1|83:2 2|98:7 3|44:6 4|44:8 5|99:1 10|68:3 7|61:7 5|73:8 10|26:4 3|56:8 9|39:3 6|85:4 1|82:9 10|76:8 3|31:1 1|69:1 7|85:2 1|31:7 7|32:9 1|27:4 7|67:6 8|45:6 5|14:3 10|7:7 2|54:4 4|32:10 8|90:2 6|62:2 3|83:7 4|25:5 9|58:5 3|42:5 7|27:2 7|5:6 2|92:5 5|90:4 10|68:7 10|44:10 7|28:3 1|91:8 6|26:3 4|86:8 1|98:4 2</relation>
		<relation arity="2" defaultCost="infinity" name="R4" nbTuples="100" semantics="soft">24:7 3|70:5 7|72:7 6|63:3 5|51:8 3|24:8 10|96:8 7|93:9 8|44:7 2|71:1 6|69:3 10|67:1 7|81:8 2|15:9 7|7:5 5|37:1 2|49:5 3|97:7 9|96:7 5|87:10 1|17:5 8|46:1 3|65:9 2|80:2 2|94:6 5|49:4 10|33:10 5|58:2 1|84:2 7|57:2 4|72:7 4|22:2 5|8:2 10|71:6 2|27:7 7|70:10 9|24:3 7|77:4 7|18:2 8|56:4 2|2:9 1|16:6 1|34:10 7|3:4 9|39:3 2|48:10 6|66:5 4|75:9 10|17:6 3|40:4 8|83:4 3|22:8 5|31:3 8|31:1 5|24:1 8|90:6 8|73:4 4|86:9 5|47:10 4|36:5 9|59:6 9|82:4 6|50:10 8|22:5 2|60:3 6|34:2 3|55:3 3|26:9 9|43:2 6|33:5 1|35:6 4|18:7 1|62:7 8|37:3 4|4:8 9|87:6 6|13:5 6|38:9 6|98:6 7|68:10 2|9:1 1|98:5 10|0:3 9|16:4 5|28:8 1|8:1 10|84:1 4|95:9 3|56:8 8|89:4 1|50:1 9|44:10 10|12:2 9|28:6 10|26:8 4|11:9 4|8:7 10|21:10 3|36:3 1|35:8 6</relation>
		<relation arity="2" defaultCost="infinity" name="R5" nbTuples="100" semantics="soft">17:8 2|71:2 5|93:10 2|55:3 10|15:1 8|0:5 6|42:1 1|50:1 4|75:2 4|64:10 5|96:5 10|93:9 8|10:9 9|25:3 7|22:6 4|52:9 10|41:5 5|16:9 6|13:7 5|87:2 2|80:10 3|64:8 7|66:8 3|80:1 7|41:10 4|12:7 9|82:9 3|8:7 4|17:4 10|15:8 10|34:4 1|91:6 7|17:1 2|79:7 10|26:2 8|26:4 4|34:4 3|26:7 2|51:5 8|38:5 2|72:7 1|45:9 4|95:3 1|55:9 1|15:6 5|79:10 8|91:1 3|34:6 10|61:3 3|32:2 1|18:6 3|49:1 10|6:9 5|8:7 6|1:8 1|62:6 1|50:5 7|18:8 9|90:2 7|72:10 1|62:8 6|65:7 8|92:3 5|43:5 4|3:2 3|42:8 4|85:2 9|11:6 2|84:4 9|97:2 10|94:9 2|68:10 9|50:3 2|79:1 5|81:10 10|21:3 6|58:5 9|57:6 8|53:8 8|9:2 6|33:7 3|73:3 4|11:5 1|74:9 7|6:7 7|36:1 9|10:4 5|84:10 7|76:4 8|7:4 6|19:6 9|54:4 7|17:8 5|93:5 3|2:1 6|75:10 6|43:4 2|84:3 8|39:6 6|25:3 9</relation>
		<relation arity="2" defaultCost="infinity" name="R6" nbTuples="100" semantics="soft">61:4 8|34:10 8|49:10 4|99:4 7|98:8 9|41:5 4|35:9 5|17:4 3|26:1 8|40:1 9|43:7 10|93:4 2|6:7 8|52:2 5|44:2 3|82:1 5|96:2 2|53:9 2|90:6 5|50:5 7|10:3 2|31:7 2|82:3 7|69:3 9|53:10 9|97:3 5|47:3 8|23:5 9|53:7 4|82:4 10|10:1 6|8:3 1|42:6 4|25:1 7|24:8 7|29:8 1|29:9 1|92:5 5|84:3 3|10:10 7|50:7 5|3:8 10|19:9 7|58:2 1|43:10 5|15:9 4|66:6 2|16:5 1|78:6 1|81:7 6|82:6 8|42:8 8|69:9 10|17:10 6|27:1 2|53:9 9|39:5 8|86:5 10|60:1 1|64:9 6|75:8 4|22:8 6|65:2 9|2:10 2|77:1 3|86:2 6|52:2 8|94:2 7|7:7 7|21:8 5|81:1 10|56:3 10|6:7 3|28:6 7|38:2 10|61:2 4|75:10 1|53:3 6|57:6 6|22:5 3|7:9 3|9:6 9|3:10 10|74:6 10|43:4 9|37:6 3|11:4 5|99:8 3|29:7 9|27:5 6|20:7 1|83:10 3|29:9 8|3:8 2|6:5 2|8:4 4|61:1 4|88:4 1|88:4 6|39:3 4</relation>
		<relation arity="2" defaultCost="infinity" name="R7" nbTuples="100" semantics="soft">51:8 5|32:7 3|24:2 9|80:6 4|48:3 3|88:5 9|30:1 6|9:2 2|35:9 10|15:10 2|55:10 10|29:7 8|76:7 4|11:2 5|0:4 4|29:2 3|99:4 8|86:4 2|37:3 5|81:9 9|19:7 9|12:10 1|8:2 1|32:2 6|1:6 9|29:5 5|56:8 9|14:7 1|34:7 7|75:8 1|90:3 4|60:2 4|69:5 1|11:5 7|28:10 3|25:1 5|87:10 6|63:9 7|1:2 7|92:3 7|13:5 8|59:7 6|66:8 4|67:5 2|24:6 6|92:4 6|7:10 5|33:7 10|63:3 10|92:8 8|55:9 5|71:7 5|70:6 2|36:3 8|10:1 3|5:10 4|91:2 8|93:1 1|80:1 2|83:10 9|34:2 10|60:1 4|92:5 6|33:3 1|85:8 6|98:9 3|30:10 7|80:3 6|24:8 10|80:4 10|65:3 2|50:6 1|45:1 9|17:4 1|96:9 4|22:6 8|16:6 3|55:9 2|35:4 9|56:5 10|68:4 5|38:8 7|71:5 3|93:10 8|97:5 4|4:6 5|24:7 2|44:9 6|56:1 7|55:9 8|63:8 3|28:3 9|50:9 1|99:6 10|67:1 8|92:4 7|12:4 3|16:6 7|33:1 10|26:8 2</relation>
		<relation arity="2" defaultCost="infinity" name="R8" nbTuples="100" semantics="soft">51:9 5|88:3 9|75:4 7|61:2 10|29:9 3|87:10 2|89:2 1|53:1 8|10:9 6|98:8 10|99:7 5|40:6 5|1:6 2|39:7 8|78:3 8|15:8 5|26:6 1|19:6 10|3:6 3|76:7 4|78:9 2|16:5 2|70:4 5|24:1 4|20:6 8|3:2 4|76:10 3|59:4 4|91:2 8|23:2 2|15:1 7|52:1 6|99:8 7|93:2 7|7:4 2|84:4 10|99:10 8|75:5 5|70:4 8|26:3 7|28:5 4|55:4 9|60:7 6|66:7 10|12:10 9|80:9 1|87:4 3|11:1 1|45:3 4|34:2 6|51:9 10|27:1 9|31:1 3|12:6 6|99:1 2|52:8 1|96:5 9|22:5 10|83:4 1|86:3 1|51:3 2|24:7 7|1:3 10|9:9 7|0:1 5|35:8 2|31:8 9|44:9 9|12:5 1|94:1 10|33:6 4|89:8 8|64:3 3|11:8 6|22:5 8|5:10 4|66:5 6|6:10 1|41:6 7|53:7 1|10:9 8|37:10 7|80:9 4|8:10 5|88:7 3|7:3 6|42:8 3|55:7 9|70:6 9|3:2 5|18:2 3|5:4 6|87:7 2|66:2 9|23:10 6|64:10 10|76:3 5|83:5 3|33:5 7|90:8 4</relation>
		<relation arity="2" defaultCost="infinity" name="R9" nbTuples="100" semantics="soft">48:4 4|81:8 2|95:7 9|12:4 7|74:6 6|95:1 2|54:2 3|48:7 7|7:9 3|40:5 1|59:2 5|50:3 7|96:10 4|92:9 6|64:4 2|52:7 1|58:9 1|50:10 1|13:1 4|55:9 7|27:9 10|14:5 9|88:9 8|3:1 1|10:10 6|73:5 3|34:3 10|7:3 4|86:6 4|7:5 5|1:10 10|80:4 1|46:4 8|93:2 1|42:6 9|8:10 2|60:4 5|81:7 5|13:1 6|72:8 10|29:1 8|50:7 8|81:3 3|97:7 6|74:6 10|1:9 2|17:9 4|8:2 6|88:6 5|72:7 4|6:3 1|6:6 2|28:7 2|94:2 7|33:3 6|0:4 6|93:8 1|25:8 8|41:3 5|93:6 7|22:1 10|77:2 9|85:10 7|17:2 8|94:1 9|72:3 2|79:8 4|49:8 6|40:5 7|6:6 8|21:9 5|2:6 1|2:5 8|97:9 9|75:1 5|2:5 4|25:5 2|0:2 4|19:4 10|56:7 3|47:8 3|80:6 3|5:4 9|94:8 5|43:2 2|82:8 9|64:10 9|45:5 10|67:7 10|79:1 3|7:4 3|22:3 9|72:5 6|80:3 8|49:10 3|74:10 8|92:8 7|21:1 7|19:2 10|38:10 5</relation>
		<relation arity="2" defaultCost="infinity" name="R10" nbTuples="100" semantics="soft">29:2 1|32:6 3|29:4 1|96:10 3|70:5 2|60:1 1|29:6 1|0:6 4|68:7 1|21:4 5|0:8 1|98:3 6|56:4 8|29:10 1|75:1 5|97:3 10|62:5 8|73:6 5|79:9 10|98:5 3|19:5 6|72:2 9|5:1 10|4:8 8|77:7 6|63:5 4|1:7 3|52:6 10|41:1 9|97:1 7|12:6 6|71:2 5|41:3 9|20:2 7|10:5 9|26:2 4|52:10 9|40:3 5|13:4 4|49:3 4|46:9 9|74:3 2|72:2 2|64:8 4|48:8 7|61:8 2|28:7 8|97:9 1|11:8 5|67:10 2|48:5 10|13:1 2|52:4 2|40:6 8|93:4 6|19:1 8|82:9 2|6:7 4|45:10 6|57:2 3|91:4 9|92:9 8|58:10 10|39:8 10|15:1 3|71:3 1|50:6 7|74:2 8|7:10 7|87:1 4|72:5 5|40:9 7|31:9 6|44:8 9|5:8 6|98:3 8|24:3 3|34:7 7|44:9 3|76:8 3|98:4 7|80:4 10|82:2 10|6:4 3|18:6 9|57:7 2|89:2 6|12:10 8|28:1 6|0:9 5|4:7 5|36:7 10|62:10 5|31:3 7|35:7 9|33:5 1|35:5 7|40:6 2|32:10 4|46:9 4</relation>
		<relation arity="2" defaultCost="infinity" name="R11" nbTuples="100" semantics="soft">65:8 2|36:4 2|55:5 10|30:6 5|71:5 6|55:8 4|74:6 3|98:7 9|20:5 2|99:1 7|34:6 1|47:10 5|19:5 9|55:8 7|87:2 1|72:4 6|73:2 5|88:3 6|32:7 6|53:9 3|74:3 8|42:8 8|30:7 4|6:4 1|81:5 4|57:10 4|59:4 9|88:2 10|0:4 4|73:2 2|58:5 7|39:10 2|73:10 6|19:1 10|78:7 1|36:3 5|13:9 5|45:3 7|10:7 3|38:1 3|42:7 5|80:8 5|96:3 4|44:1 9|69:2 7|35:9 1|65:4 3|72:8 10|15:10 1|85:1 6|25:9 4|96:8 1|71:3 2|30:1 4|57:9 2|78:2 6|8:3 1|98:7 2|51:1 2|18:10 8|90:5 5|41:2 8|39:7 10|93:9 10|2:6 10|64:8 3|62:9 6|70:6 2|46:5 1|75:10 3|57:7 7|82:7 8|76:6 9|16:4 10|82:2 3|55:6 6|44:8 9|34:4 8|81:3 9|88:3 10|6:9 8|83:5 8|77:6 8|17:10 9|64:3 3|46:2 9|51:9 7|7:8 6|63:4 5|20:1 5|54:5 3|65:2 4|45:10 10|94:9 9|56:10 7|42:1 1|19:1 8|78:4 7|86:6 7|60:6 4</relation>
		<relation arity="2" defaultCost="infinity" name="R12" nbTuples="100" semantics="soft">30:5 4|14:7 9|51:9 10|99:5 6|53:2 4|85:10 9|4:10 1|18:10 7|56:3 9|75:4 2|89:2 2|68:6 3|87:8 4|29:7 4|12:8 3|11:10 8|63:1 8|35:6 6|59:8 8|38:5 10|20:2 5|43:1 1|47:10 2|10:5 2|78:5 9|27:4 10|25:5 1|3:8 2|66:7 2|45:2 8|86:8 1|51:7 3|76:8 6|99:8 9|22:4 1|53:1 6|30:8 7|90:7 6|40:4 8|2:4 9|57:2 9|42:3 10|47:1 10|17:9 6|34:1 3|4:6 5|52:2 7|51:6 10|67:6 8|55:3 6|16:1 7|46:4 4|61:9 1|82:4 3|10:9 9|38:7 8|90:6 4|73:2 10|81:5 7|24:8 5|49:1 5|57:7 1|5:3 5|16:9 2|64:4 6|14:6 1|68:10 6|58:3 7|77:5 8|12:3 8|43:3 3|44:4 5|51:10 4|4:6 7|64:4 7|29:7 5|62:9 3|20:1 4|70:3 1|59:6 9|88:5 5|39:3 4|70:10 3|18:9 8|28:1 9|9:9 5|9:2 3|96:7 7|18:6 2|0:2 6|63:9 7|41:9 4|73:7 10|1:3 2|93:2 1|74:10 5|62:8 10|52:1 2|57:10 10|26:5 3</relation>
		<relation arity="2" defaultCost="infinity" name="R13" nbTuples="100" semantics="soft">68:5 9|32:7 7|2:5 5|5:4 9|69:7 2|6:3 10|24:5 6|57:6 4|68:5 10|36:9 5|12:1 9|17:4 10|21:3 2|43:7 1|25:8 2|12:9 3|18:8 5|52:1 7|52:2 8|34:3 5|94:5 8|60:8 3|26:9 7|20:3 7|80:4 4|71:9 9|1:6 7|33:2 1|62:2 7|8:6 10|1:6 1|59:10 2|84:8 9|21:9 2|7:6 5|22:8 4|7:3 4|68:3 9|10:9 10|67:3 3|44:1 6|72:10 5|41:1 1|57:3 6|66:6 2|21:10 8|4:3 8|33:7 4|61:1 5|17:5 4|54:10 6|93:2 2|43:4 7|32:2 9|61:7 10|49:10 7|48:1 3|96:7 3|60:6 3|51:8 6|41:4 5|61:7 6|8:9 1|7:1 2|3:4 6|10:3 1|99:2 6|34:7 5|61:7 9|85:2 10|72:5 2|11:7 8|38:10 1|91:4 2|91:2 5|30:1 8|92:6 6|22:5 3|9:5 7|22:9 6|63:10 9|52:2 4|94:9 4|88:2 3|13:4 1|37:1 4|13:1 10|36:8 8|62:8 7|56:8 10|73:10 10|31:5 1|28:10 4|38:4 3|1:8 1|65:10 3|1:6 9|87:6 8|86:9 8|91:4 8</relation>
		<relation arity="2" defaultCost="infinity" name="R14" nbTuples="100" semantics="soft">70:9 9|12:1 2|85:5 7|71:8 3|80:4 8|40:3 1|72:8 10|77:9 1|58:2 8|98:5 10|26:9 5|9:7 1|79:10 5|50:3 5|46:10 7|77:2 10|60:9 6|17:8 9|51:7 9|24:2 9|86:9 3|99:8 2|31:5 5|33:3 7|47:4 3|13:1 6|58:9 7|75:6 7|97:8 1|22:7 7|92:10 6|70:2 5|91:7 6|50:5 9|47:10 10|17:1 5|16:6 9|25:1 3|86:10 1|1:6 1|22:4 10|0:5 4|95:8 6|96:8 8|54:9 10|2:1 4|79:3 2|48:5 1|47:6 2|61:10 3|79:3 8|73:7 5|17:1 10|74:3 3|28:6 4|12:10 4|43:7 2|73:4 6|67:9 4|50:4 5|44:5 6|93:4 1|34:7 4|92:5 3|45:9 2|34:3 4|1:2 1|91:4 4|92:3 6|4:7 3|66:5 8|63:9 8|31:5 2|27:4 9|4:2 3|99:10 8|11:7 8|15:1 7|54:8 4|37:8 7|14:6 5|54:4 7|61:3 10|48:8 5|65:2 2|98:10 2|97:1 9|25:2 6|20:7 10|16:1 8|90:6 8|57:6 10|96:10 9|62:2 4|18:3 9|52:1 1|28:2 7|71:4 2|63:6 6|26:6 3</relation>
		<relation arity="2" defaultCost="infinity" name="R15" nbTuples="100" semantics="soft">84:3 7|44:10 2|49:9 6|36:6 1|22:7 5|87:9 8|3:4 3|20:8 4|21:3 9|13:3 4|78:8 1|46:1 2|12:7 10|6:7 3|22:5 10|53:2 4|41:5 7|62:7 1|24:6 10|15:5 3|43:6 7|16:4 9|76:5 1|36:4 4|89:6 6|73:5 2|61:9 9|61:1 4|90:7 6|48:3 2|81:2 6|77:1 9|11:7 2|98:8 2|66:1 1|39:8 7|28:8 6|59:3 8|31:3 10|42:10 10|99:10 7|67:9 1|90:10 5|49:2 9|31:4 2|29:4 7|42:6 5|80:6 2|74:9 5|0:8 10|66:7 9|99:9 4|94:3 6|27:10 4|92:2 3|33:8 3|72:10 9|8:6 4|84:2 2|70:5 6|48:9 10|94:3 5|70:1 7|92:8 9|72:6 8|47:9 7|81:3 1|91:10 8|77:2 10|2:7 8|61:4 5|28:4 6|13:4 10|62:8 8|24:2 7|53:1 3|0:9 2|90:1 8|73:5 9|20:8 5|59:1 10|56:10 1|33:10 6|27:7 7|5:4 1|90:3 3|91:2 5|0:9 3|85:2 1|56:2 8|39:10 3|47:7 4|45:1 6|37:6 9|26:5 4|79:5 5|70:6 3|34:4 8|10:5 8|6:1 5</relation>
		<relation arity="2" defaultCost="infinity" name="R16" nbTuples="100" semantics="soft">9:2 5|13:6 9|18:2 8|61:6 10|60:6 7|64:9 10|76:5 3|67:9 7|75:4 7|83:1 5|26:5 6|47:3 9|65:8 2|47:7 5|26:6 4|34:9 6|48:5 7|30:3 5|53:2 4|35:6 1|0:1 6|70:7 4|89:3 4|46:10 2|10:2 6|29:7 3|85:3 2|69:3 6|40:6 3|40:4 4|91:1 4|86:4 3|47:5 1|66:1 2|66:4 8|30:9 1|22:6 2|40:2 9|36:3 10|12:2 7|67:1 1|40:4 9|2:9 3|61:7 2|93:3 7|24:7 1|86:5 8|3:6 5|60:6 6|51:9 2|48:7 9|49:5 5|93:8 7|24:7 10|6:5 4|16:10 6|24:8 1|97:10 3|98:2 1|23:8 3|49:3 3|86:7 6|36:9 4|17:9 5|47:1 3|96:10 1|43:3 1|92:7 8|67:4 10|93:8 8|12:4 6|25:4 2|97:7 7|85:5 9|23:10 9|10:10 5|40:8 6|96:3 8|0:1 9|85:2 2|67:1 10|42:8 5|55:5 2|14:10 8|28:9 9|35:2 10|88:8 9|80:8 10|48:4 5|91:1 8|51:9 8|6:6 8|82:4 1|20:1 7|17:10 7|13:5 10|10:8 4|24:10 4|57:2 3|63:10 10</relation>
	</relations>
	<GuiPresentation benchmark="RandomDCOP" density="40" domainSize="10" model="TKC" name="instance1" nbAgents="10" nbConstraints="17" nbTuples="100" tightness="0" type="DCOP" />
</instance>