<?xml version='1.0' encoding='UTF-8'?>
<instance>
	<presentation benchmark="RandomDCOP" constraintModel="TKC" format="XDisCSP 1.0" model="Simple" name="instance10" type="DCOP" />
	<agents nbAgents="10">
		<agent description="agent 1" id="1" name="A1" />
		<agent description="agent 2" id="2" name="A2" />
		<agent description="agent 3" id="3" name="A3" />
		<agent description="agent 4" id="4" name="A4" />
		<agent description="agent 5" id="5" name="A5" />
		<agent description="agent 6" id="6" name="A6" />
		<agent description="agent 7" id="7" name="A7" />
		<agent description="agent 8" id="8" name="A8" />
		<agent description="agent 9" id="9" name="A9" />
		<agent description="agent 10" id="10" name="A10" />
	</agents>
	<domains nbDomains="1">
		<domain name="D1" nbValues="10">1..10</domain>
	</domains>
	<variables nbVariables="10">
		<variable agent="A1" description="variable 1.1" domain="D1" id="1" name="X1.1" />
		<variable agent="A2" description="variable 2.1" domain="D1" id="1" name="X2.1" />
		<variable agent="A3" description="variable 3.1" domain="D1" id="1" name="X3.1" />
		<variable agent="A4" description="variable 4.1" domain="D1" id="1" name="X4.1" />
		<variable agent="A5" description="variable 5.1" domain="D1" id="1" name="X5.1" />
		<variable agent="A6" description="variable 6.1" domain="D1" id="1" name="X6.1" />
		<variable agent="A7" description="variable 7.1" domain="D1" id="1" name="X7.1" />
		<variable agent="A8" description="variable 8.1" domain="D1" id="1" name="X8.1" />
		<variable agent="A9" description="variable 9.1" domain="D1" id="1" name="X9.1" />
		<variable agent="A10" description="variable 10.1" domain="D1" id="1" name="X10.1" />
	</variables>
	<constraints initialCost="0" maximalCost="infinity" nbConstraints="21">
		<constraint arity="2" model="TKC" name="C0" reference="R0" scope="X1.1 X7.1" />
		<constraint arity="2" model="TKC" name="C1" reference="R1" scope="X1.1 X5.1" />
		<constraint arity="2" model="TKC" name="C2" reference="R2" scope="X1.1 X8.1" />
		<constraint arity="2" model="TKC" name="C3" reference="R3" scope="X1.1 X3.1" />
		<constraint arity="2" model="TKC" name="C4" reference="R4" scope="X1.1 X9.1" />
		<constraint arity="2" model="TKC" name="C5" reference="R5" scope="X2.1 X3.1" />
		<constraint arity="2" model="TKC" name="C6" reference="R6" scope="X2.1 X4.1" />
		<constraint arity="2" model="TKC" name="C7" reference="R7" scope="X2.1 X8.1" />
		<constraint arity="2" model="TKC" name="C8" reference="R8" scope="X2.1 X9.1" />
		<constraint arity="2" model="TKC" name="C9" reference="R9" scope="X3.1 X9.1" />
		<constraint arity="2" model="TKC" name="C10" reference="R10" scope="X3.1 X6.1" />
		<constraint arity="2" model="TKC" name="C11" reference="R11" scope="X3.1 X4.1" />
		<constraint arity="2" model="TKC" name="C12" reference="R12" scope="X3.1 X10.1" />
		<constraint arity="2" model="TKC" name="C13" reference="R13" scope="X3.1 X7.1" />
		<constraint arity="2" model="TKC" name="C14" reference="R14" scope="X4.1 X8.1" />
		<constraint arity="2" model="TKC" name="C15" reference="R15" scope="X5.1 X6.1" />
		<constraint arity="2" model="TKC" name="C16" reference="R16" scope="X5.1 X7.1" />
		<constraint arity="2" model="TKC" name="C17" reference="R17" scope="X5.1 X10.1" />
		<constraint arity="2" model="TKC" name="C18" reference="R18" scope="X6.1 X7.1" />
		<constraint arity="2" model="TKC" name="C19" reference="R19" scope="X6.1 X8.1" />
		<constraint arity="2" model="TKC" name="C20" reference="R20" scope="X7.1 X10.1" />
	</constraints>
	<relations nbRelations="21">
		<relation arity="2" defaultCost="infinity" name="R0" nbTuples="100" semantics="soft">58:10 9|91:7 8|30:6 9|74:2 1|83:2 6|10:7 6|11:1 6|67:9 1|68:2 4|16:8 8|41:5 5|11:9 8|10:7 10|46:10 1|18:4 7|82:9 5|14:4 1|88:4 5|6:8 7|78:10 3|35:8 2|64:9 9|16:1 10|69:5 9|97:4 8|66:5 8|4:5 4|40:3 6|98:5 7|34:3 5|68:1 1|25:9 4|46:10 4|76:4 10|79:10 2|92:2 7|98:7 1|63:1 5|79:1 8|8:6 10|19:2 8|67:8 1|70:3 1|27:7 2|19:7 4|59:3 4|50:7 9|55:7 5|83:4 2|40:3 9|31:10 5|74:1 2|64:7 7|77:10 6|44:8 4|40:10 10|48:5 1|89:3 8|20:4 6|97:6 6|2:9 7|33:5 10|52:8 6|58:2 10|51:7 3|42:5 3|54:10 8|63:10 7|26:1 4|10:9 2|25:6 5|5:3 2|91:3 3|48:2 2|49:6 2|32:3 7|76:1 9|30:6 3|88:6 1|40:8 5|88:6 7|64:8 9|61:8 10|66:6 4|13:3 10|63:4 3|9:2 3|9:4 9|77:5 2|66:8 3|96:2 5|6:9 6|96:1 7|70:6 8|25:2 9|31:1 3|65:9 3|81:9 10|86:4 4|81:5 6</relation>
		<relation arity="2" defaultCost="infinity" name="R1" nbTuples="100" semantics="soft">1:5 5|32:3 10|0:3 9|58:10 10|63:10 3|56:5 9|55:5 6|7:3 3|89:2 1|79:8 1|68:6 1|96:3 7|7:7 9|74:7 5|46:8 10|21:7 6|96:7 2|91:9 10|28:7 3|27:8 5|92:3 4|46:2 4|37:1 7|78:9 8|4:9 7|82:7 1|10:4 6|32:6 5|38:5 4|30:9 9|10:10 8|26:6 3|64:2 8|18:3 1|0:1 1|10:2 9|82:3 6|81:9 6|50:1 9|24:9 2|93:8 9|97:2 5|71:10 6|18:7 8|6:3 2|43:6 4|66:9 5|42:4 7|4:5 10|74:4 3|14:8 4|44:10 1|53:2 6|36:8 3|98:7 10|20:5 3|82:6 9|25:7 4|7:5 8|3:10 5|2:10 2|80:8 2|59:1 10|35:8 7|9:4 4|32:1 6|38:5 2|22:5 1|64:4 2|50:2 7|16:1 3|7:7 7|30:6 10|53:1 8|86:10 9|52:10 7|11:2 2|9:6 2|58:10 4|49:4 8|49:4 1|60:1 2|48:6 8|78:2 10|94:2 3|46:4 5|57:6 7|0:1 4|18:8 6|70:3 8|11:4 9|47:4 10|31:3 5|86:9 3|18:9 1|89:5 7|90:9 4|49:6 6|45:1 5|37:8 8</relation>
		<relation arity="2" defaultCost="infinity" name="R2" nbTuples="100" semantics="soft">0:5 2|95:7 7|74:8 10|31:5 9|60:9 4|4:7 6|30:5 4|34:1 9|40:7 10|80:9 8|77:4 9|0:7 1|1:1 6|39:6 1|42:10 5|53:3 7|45:9 9|27:6 3|61:9 10|51:6 8|23:10 10|80:3 9|69:10 2|87:4 4|46:6 7|39:2 3|32:9 2|45:2 9|22:1 8|17:1 1|36:6 2|34:2 2|44:8 1|16:6 5|45:4 6|67:7 8|30:5 1|11:2 4|49:8 7|70:6 10|78:2 7|29:3 8|4:8 8|45:9 1|72:8 3|40:1 5|44:3 5|83:2 5|31:4 5|39:3 6|6:9 5|96:5 7|38:2 8|15:10 4|2:8 2|29:5 8|58:10 8|50:4 3|13:1 4|90:9 6|14:5 5|20:1 10|84:7 2|17:3 2|80:3 1|5:3 3|10:10 3|59:5 10|34:7 3|99:10 1|17:4 10|51:8 6|46:3 10|23:1 3|89:4 8|23:1 2|26:9 3|6:8 4|18:1 7|52:8 9|56:6 6|7:3 4|52:8 5|87:5 3|97:6 4|8:5 6|26:10 7|8:4 7|20:7 4|38:6 9|81:4 1|12:7 9|54:4 2|93:2 6|5:2 1|74:9 7|54:10 6|60:10 9|97:2 10|7:7 5</relation>
		<relation arity="2" defaultCost="infinity" name="R3" nbTuples="100" semantics="soft">71:8 5|58:5 8|25:9 4|7:5 6|79:8 7|55:9 3|91:9 1|6:10 8|95:7 5|99:6 1|36:1 3|66:3 8|65:8 8|50:7 9|53:4 8|34:1 8|4:8 4|15:3 4|88:4 2|18:10 5|15:5 9|16:7 3|40:6 6|95:10 10|78:8 9|74:6 9|56:4 4|63:1 9|85:7 8|97:5 7|11:1 5|7:9 7|78:3 6|24:1 10|91:9 5|84:1 4|96:2 10|82:7 2|65:10 4|95:3 2|72:4 6|98:2 5|71:10 6|12:2 4|5:4 10|20:10 9|33:2 1|14:5 2|36:3 7|47:7 10|93:6 5|0:7 7|14:7 4|84:6 3|46:2 2|28:7 6|55:6 7|69:8 1|62:5 1|14:5 3|69:3 9|45:10 1|42:8 6|41:10 3|83:1 6|17:2 3|17:10 2|74:7 1|77:6 2|99:8 2|7:1 7|7:6 8|93:3 3|61:3 1|64:2 8|12:9 10|31:6 4|84:4 9|23:9 6|33:2 9|14:9 8|25:2 6|86:4 1|0:3 10|35:2 7|6:9 9|14:4 5|43:1 1|2:5 4|50:8 3|65:1 2|75:3 5|30:5 5|10:4 7|29:4 3|0:6 10|91:10 7|96:8 10|92:9 2|81:5 10</relation>
		<relation arity="2" defaultCost="infinity" name="R4" nbTuples="100" semantics="soft">47:10 7|70:10 9|82:9 4|97:2 3|31:8 8|87:9 6|65:3 9|68:6 8|85:5 9|35:5 10|88:7 4|46:6 3|41:1 3|97:8 1|94:10 10|20:7 5|38:8 7|26:5 2|23:6 9|20:1 7|82:10 2|54:4 4|34:3 8|14:3 6|89:8 2|19:3 1|16:2 4|17:10 4|49:4 1|38:9 1|24:2 5|18:2 8|63:3 5|61:3 10|2:7 3|80:1 10|1:1 8|66:3 4|92:8 4|95:8 9|54:7 8|5:10 6|16:6 5|42:9 10|96:4 10|46:9 5|99:5 5|49:6 7|76:3 7|56:4 5|10:1 1|46:1 2|20:7 7|27:10 3|11:6 4|32:5 6|48:4 3|42:9 8|39:9 7|79:9 9|42:8 10|90:2 7|17:8 6|65:9 3|6:5 3|4:2 9|65:5 1|35:10 1|27:4 8|91:2 6|88:4 2|65:7 9|26:6 1|9:2 2|34:7 1|41:2 10|78:7 6|80:6 6|97:1 5|5:5 7|64:1 6|63:3 3|13:4 6|28:10 5|94:7 2|7:1 4|69:4 9|96:8 3|24:6 10|32:5 8|66:1 9|98:5 4|59:9 2|15:7 10|78:8 5|35:2 1|32:10 8|77:4 7|18:3 2|47:6 2</relation>
		<relation arity="2" defaultCost="infinity" name="R5" nbTuples="100" semantics="soft">31:7 7|23:10 8|66:7 1|35:9 1|71:3 8|28:10 10|8:1 7|7:3 5|17:3 7|68:6 7|1:2 4|26:5 7|3:5 3|31:8 9|58:7 6|23:5 9|60:5 4|49:1 5|43:9 8|60:9 2|79:2 3|54:3 9|8:8 5|3:8 6|68:2 6|31:8 2|36:4 10|43:3 10|61:9 10|3:2 2|95:3 1|49:1 8|37:1 4|29:2 8|24:10 6|52:6 8|74:6 3|23:6 9|86:3 4|78:1 1|60:2 10|99:8 7|40:10 4|76:6 10|41:8 4|61:7 9|92:4 7|20:10 5|20:3 2|37:4 6|46:2 1|47:5 5|66:7 2|37:4 1|93:1 9|65:1 10|57:3 6|4:4 3|99:10 3|91:5 1|51:9 5|71:3 3|65:4 5|45:4 9|90:2 9|59:1 3|99:4 4|37:9 3|96:7 10|32:6 2|90:5 6|93:8 10|88:6 1|14:6 4|91:4 8|69:2 7|85:4 2|51:7 8|42:9 9|38:7 3|70:8 1|37:7 4|41:2 5|4:1 2|31:10 2|41:10 7|97:9 4|62:5 8|24:9 6|19:9 7|90:6 6|16:10 9|96:8 8|92:7 5|64:6 5|50:1 6|78:10 1|47:8 3|53:5 2|22:5 10</relation>
		<relation arity="2" defaultCost="infinity" name="R6" nbTuples="100" semantics="soft">73:4 7|11:9 2|49:8 4|65:7 2|99:8 5|42:1 10|62:8 9|80:3 5|20:1 4|87:6 9|83:8 7|66:8 2|14:10 1|97:9 1|76:9 9|92:1 3|3:3 3|51:10 8|9:4 4|53:2 7|13:2 1|83:9 3|92:10 2|52:2 6|43:6 2|16:10 3|82:6 6|41:9 4|44:4 1|95:10 7|71:10 6|66:5 2|87:3 9|74:1 7|73:4 2|8:5 5|20:5 7|67:5 10|92:6 10|81:6 7|37:4 8|58:7 8|95:7 4|36:1 9|3:5 6|17:1 6|3:9 6|63:3 1|48:8 6|74:9 10|38:2 4|75:5 3|14:9 8|71:8 1|32:7 3|49:3 6|3:1 8|87:8 8|63:6 1|10:4 3|75:8 10|78:5 1|67:3 4|3:2 3|65:3 2|44:10 10|15:3 7|63:7 6|15:1 5|87:7 10|87:10 9|34:2 10|54:4 5|6:1 2|99:5 8|81:6 5|34:1 1|51:2 8|75:3 10|86:6 8|55:8 3|69:5 9|82:10 4|8:6 4|87:2 9|25:3 8|43:10 5|27:4 6|18:2 2|12:4 10|15:9 7|38:2 5|38:5 4|14:7 5|73:7 1|46:7 7|36:7 9|2:6 3|7:9 5|68:4 9</relation>
		<relation arity="2" defaultCost="infinity" name="R7" nbTuples="100" semantics="soft">81:3 2|56:7 4|22:10 2|72:4 3|51:1 4|55:9 5|29:10 10|18:1 7|22:2 10|98:7 3|12:3 8|55:10 1|15:1 10|60:6 1|57:10 5|55:4 10|85:6 8|65:3 5|62:8 7|95:4 2|84:8 5|13:1 6|47:6 4|42:8 1|89:5 10|68:3 7|46:7 2|76:5 8|60:1 2|52:2 5|44:2 8|66:10 3|78:7 10|62:7 6|77:7 1|89:8 6|58:9 3|6:5 6|35:3 10|99:6 7|55:9 10|19:10 4|65:9 8|35:7 8|80:6 10|37:6 6|72:5 4|91:10 6|91:8 9|69:4 6|46:10 8|73:5 3|15:5 2|76:6 5|7:9 7|42:9 2|5:5 5|78:9 9|42:1 8|42:2 1|80:2 3|66:5 7|18:1 5|16:6 2|73:4 5|35:2 2|90:10 7|11:2 6|37:4 8|74:7 9|77:1 1|8:3 1|3:6 3|26:9 6|71:8 3|18:8 8|90:9 4|84:5 1|69:4 7|48:10 9|56:9 1|97:7 7|66:6 9|12:8 4|9:8 2|99:4 1|98:4 9|76:8 10|95:5 9|63:3 3|53:1 3|64:4 4|73:7 5|24:1 9|42:3 4|49:2 4|36:2 7|79:2 9|43:3 9|55:3 6</relation>
		<relation arity="2" defaultCost="infinity" name="R8" nbTuples="100" semantics="soft">10:10 5|98:10 3|60:4 2|26:5 8|49:7 4|30:10 8|8:8 2|7:9 8|66:6 6|39:3 9|80:8 7|97:2 2|17:8 5|49:2 1|91:9 1|15:2 6|30:3 10|3:8 4|77:7 9|15:3 5|62:5 7|41:7 7|10:1 7|34:2 8|71:2 7|61:4 1|32:3 4|52:9 5|8:3 8|51:6 7|82:4 6|43:5 5|96:5 1|31:1 6|78:10 7|72:10 6|77:2 5|13:5 3|59:5 4|89:8 9|55:8 8|62:7 8|29:9 7|88:2 9|44:5 9|49:7 2|71:1 5|90:3 1|21:2 3|81:1 9|24:3 6|38:6 9|53:10 1|14:9 2|1:6 5|57:4 8|69:1 8|34:10 9|74:6 1|53:7 10|61:8 1|65:9 9|63:3 3|53:1 2|31:4 4|51:4 10|90:4 5|53:4 3|66:4 7|42:10 10|40:3 2|86:5 2|98:10 4|38:1 4|41:8 10|37:7 5|81:7 1|3:5 10|72:6 2|63:4 9|83:2 10|68:6 4|8:6 3|7:9 6|69:6 10|19:9 3|96:6 8|41:8 6|70:9 10|33:9 4|22:3 7|79:2 4|52:5 6|27:7 3|15:1 1|2:1 3|77:10 2|70:7 6|7:1 10|24:8 3</relation>
		<relation arity="2" defaultCost="infinity" name="R9" nbTuples="100" semantics="soft">22:9 6|73:8 6|44:5 6|82:4 2|24:8 4|39:9 9|48:7 1|18:8 2|90:1 8|89:8 9|5:10 9|44:1 4|60:3 5|87:5 9|37:5 1|9:6 7|31:6 9|43:3 6|86:5 10|33:3 7|77:2 9|33:9 8|10:6 3|88:1 3|77:2 5|37:8 3|20:10 6|4:3 2|90:1 6|59:2 3|52:6 10|53:5 3|62:5 2|27:10 7|43:3 3|19:10 5|30:10 4|10:6 4|90:9 4|7:1 1|36:4 9|58:6 1|1:8 1|82:3 4|75:7 9|80:2 7|42:7 10|77:7 2|39:10 1|44:9 1|84:8 8|52:6 2|8:6 8|94:4 3|91:3 1|57:2 6|75:5 5|81:6 6|28:2 1|14:4 1|44:9 7|57:3 9|51:5 8|14:10 8|84:8 7|58:3 10|39:6 5|88:3 8|67:9 2|3:4 4|96:4 10|0:1 5|57:1 9|82:7 3|63:7 8|77:7 7|53:9 3|15:7 6|21:5 7|15:4 7|2:8 10|32:10 2|89:2 4|80:8 5|56:7 5|59:4 6|27:1 10|48:9 5|97:1 2|41:2 8|16:4 5|41:9 10|94:4 8|47:5 4|43:1 7|61:2 10|13:7 4|35:10 3|1:10 10|49:2 2</relation>
		<relation arity="2" defaultCost="infinity" name="R10" nbTuples="100" semantics="soft">60:8 6|37:8 3|35:6 10|45:5 4|54:2 6|79:3 2|79:8 1|47:4 2|42:9 5|83:7 2|67:7 7|54:10 6|31:5 9|68:8 2|6:2 7|5:4 9|31:2 3|79:10 3|40:7 3|1:4 3|41:10 5|83:5 10|9:7 9|86:5 6|66:4 8|25:10 1|6:7 10|86:1 8|45:2 1|70:9 7|63:8 7|75:5 1|77:8 9|71:1 3|34:10 7|58:1 1|93:7 8|51:3 9|28:4 1|84:9 2|81:6 7|41:1 7|69:6 9|10:3 3|85:6 5|67:6 8|61:9 9|33:10 4|6:1 10|41:3 7|71:7 1|48:4 4|43:6 2|96:4 5|88:6 1|39:4 10|29:3 1|26:2 9|72:7 4|80:5 7|6:5 2|4:9 3|7:2 4|25:10 9|0:10 10|70:8 10|74:9 10|96:2 10|39:6 4|59:1 5|37:4 6|62:10 2|50:9 4|84:8 4|18:3 6|74:1 2|35:6 6|45:2 2|90:5 3|43:3 10|49:2 5|23:3 5|2:5 8|16:7 6|10:5 5|28:1 4|45:4 7|54:9 6|99:3 4|26:8 5|66:7 5|72:10 8|53:1 9|67:9 1|31:6 3|54:3 8|26:9 8|11:2 8|84:1 6|57:8 8</relation>
		<relation arity="2" defaultCost="infinity" name="R11" nbTuples="100" semantics="soft">36:3 1|16:3 5|2:6 3|91:7 5|14:7 6|81:9 3|66:4 4|23:3 7|3:9 5|57:10 5|86:5 9|29:7 3|11:4 10|85:2 6|86:8 3|81:5 4|51:2 10|23:4 5|12:5 6|96:7 10|29:2 2|21:2 4|73:10 8|77:1 3|77:3 6|58:7 2|13:4 8|63:1 8|22:7 1|85:10 10|11:10 7|22:9 2|99:9 7|43:2 1|31:3 4|52:4 3|76:3 9|65:2 3|71:3 3|75:8 5|24:7 9|16:8 7|4:7 7|78:6 5|66:2 5|41:5 10|3:10 9|49:5 7|85:10 4|10:9 9|44:1 5|99:1 2|15:7 8|31:8 1|26:4 9|56:10 3|45:5 2|81:1 9|20:6 9|56:8 2|37:4 2|3:1 1|45:9 4|2:4 7|45:8 6|61:4 6|29:3 8|40:8 9|47:1 4|73:6 1|2:9 8|34:4 1|53:6 2|0:9 1|6:1 10|32:5 1|32:7 4|52:5 5|12:8 4|13:9 10|20:3 2|33:10 6|57:10 1|63:8 10|47:9 6|84:6 8|71:5 3|59:6 7|68:8 8|31:5 8|58:6 10|54:2 9|15:6 4|66:3 10|57:2 8|54:1 7|52:2 7|79:1 6|99:6 6|54:10 2</relation>
		<relation arity="2" defaultCost="infinity" name="R12" nbTuples="100" semantics="soft">97:9 9|50:3 8|26:3 3|4:8 8|11:7 7|59:4 4|85:1 1|18:10 7|89:1 10|31:2 7|79:9 8|7:2 2|47:7 8|77:5 8|70:7 1|95:10 5|72:6 2|96:9 2|47:6 9|18:8 1|65:4 3|71:4 6|57:9 10|16:4 7|32:10 4|15:10 9|17:8 2|76:7 5|59:9 4|67:8 10|18:3 10|83:9 6|96:9 5|39:10 8|86:2 1|52:10 1|88:6 6|38:2 6|34:5 5|53:8 6|63:6 8|79:4 8|86:6 4|20:4 5|73:6 3|44:3 1|92:5 2|4:3 2|13:4 1|24:1 5|45:4 9|94:10 2|76:9 1|86:5 4|20:8 9|13:10 3|75:10 10|64:3 9|72:9 3|66:5 9|70:5 3|75:1 3|70:3 6|82:2 4|88:5 1|9:3 7|39:2 9|21:5 10|27:8 3|29:7 2|40:4 10|51:3 5|35:6 5|32:7 4|3:2 5|26:7 6|5:2 10|98:2 8|1:8 7|16:7 3|61:1 4|93:6 7|20:5 6|55:1 2|80:1 7|10:1 6|30:10 6|71:6 10|2:7 10|51:5 7|69:8 5|78:1 9|97:3 4|40:6 1|20:1 8|73:9 7|87:7 9|38:8 4|98:4 2|17:2 3</relation>
		<relation arity="2" defaultCost="infinity" name="R13" nbTuples="100" semantics="soft">91:1 9|45:1 5|51:10 10|85:1 4|59:9 5|30:4 7|66:10 3|84:4 8|87:4 5|69:7 6|65:7 1|83:3 1|90:7 9|17:9 3|71:10 1|63:4 6|23:7 8|6:10 9|97:1 6|54:5 8|21:6 9|75:8 1|8:5 2|80:8 5|83:5 10|12:7 2|7:6 5|46:1 7|45:9 4|32:9 10|35:2 4|72:8 8|31:2 6|97:9 6|72:5 4|47:2 7|27:5 6|97:6 2|54:9 7|83:5 9|36:6 4|69:4 9|8:1 8|41:7 4|24:2 5|61:8 3|4:1 10|57:7 10|92:2 9|73:5 7|89:2 3|63:3 5|47:10 8|23:9 2|69:8 6|31:4 4|21:5 5|83:2 10|87:3 9|94:4 10|53:1 3|12:1 1|39:10 7|45:1 2|56:8 9|66:8 2|90:2 8|63:4 1|18:10 6|34:7 5|46:9 1|89:3 2|78:4 2|36:6 10|47:3 8|94:8 10|94:3 7|8:10 4|53:4 3|37:2 1|97:3 10|26:3 3|13:7 7|62:8 7|81:9 9|2:3 6|70:6 7|24:9 8|67:6 8|42:10 5|79:6 3|72:8 4|96:5 3|98:7 3|16:6 6|19:2 2|95:6 1|19:5 1|41:3 4|45:10 2</relation>
		<relation arity="2" defaultCost="infinity" name="R14" nbTuples="100" semantics="soft">82:7 1|16:7 8|83:4 10|56:3 1|43:2 9|85:6 2|71:1 7|21:3 2|3:3 3|64:8 6|9:10 4|85:8 8|4:9 7|59:4 8|49:2 6|4:5 9|78:7 7|63:4 6|81:9 9|79:5 5|60:7 9|23:9 10|58:1 1|26:7 5|59:6 8|20:1 9|56:9 5|34:8 2|87:4 4|87:1 3|99:10 2|20:10 3|40:1 8|64:4 2|84:8 4|66:2 10|11:9 3|76:6 3|63:10 5|74:10 10|63:7 3|10:3 6|5:3 7|36:8 3|48:2 1|57:1 6|51:5 1|21:9 1|97:7 10|24:4 9|13:3 4|3:6 6|73:10 8|20:7 4|62:6 1|80:3 9|88:6 5|55:2 3|71:2 5|54:6 4|78:6 9|82:6 10|32:2 7|33:8 9|56:4 1|54:9 6|94:5 6|49:2 8|9:1 4|62:7 2|28:5 4|87:5 3|22:4 7|19:3 10|70:1 10|38:6 7|37:4 5|63:8 5|4:2 4|38:3 8|23:7 6|12:10 9|28:5 8|53:10 7|22:8 10|58:8 7|63:10 1|6:1 2|26:8 1|71:5 7|72:9 2|78:10 6|99:5 10|65:9 8|77:2 2|98:5 2|33:3 5|81:9 4|45:1 5|72:4 3</relation>
		<relation arity="2" defaultCost="infinity" name="R15" nbTuples="100" semantics="soft">7:1 1|94:4 10|95:5 10|53:10 9|22:5 4|40:10 6|96:8 4|8:7 3|88:1 7|10:7 8|95:10 10|71:2 10|54:4 6|35:10 1|65:10 5|18:8 7|24:8 5|67:4 5|54:4 3|71:2 4|17:8 3|19:4 7|65:2 7|13:3 8|75:6 10|55:9 2|28:3 6|45:7 2|92:3 10|71:5 6|93:1 2|5:9 5|7:6 4|88:7 9|69:3 1|13:6 3|71:2 8|45:10 3|40:10 4|8:1 8|3:5 1|99:9 10|29:4 1|92:3 9|56:2 6|18:9 8|71:10 7|49:8 1|13:6 6|72:3 2|31:9 6|24:5 7|73:6 2|47:6 5|86:2 5|8:2 2|10:9 4|52:5 2|26:7 10|0:5 9|66:10 8|13:4 2|68:6 7|65:6 1|82:8 9|73:2 1|61:1 10|69:6 9|78:3 3|10:7 1|31:4 8|13:3 7|93:7 4|4:8 8|4:1 5|86:7 5|96:5 3|5:10 2|38:9 9|14:3 4|52:1 3|23:2 3|80:5 8|4:4 9|39:1 9|36:7 6|72:2 9|68:6 8|18:4 4|8:9 3|50:3 5|97:5 5|6:8 6|1:9 7|7:1 4|49:7 7|82:1 6|69:9 1|0:8 10|66:8 2</relation>
		<relation arity="2" defaultCost="infinity" name="R16" nbTuples="100" semantics="soft">91:8 1|80:1 4|58:7 2|7:3 1|1:5 9|91:1 7|77:4 1|90:2 9|16:4 6|3:5 7|20:10 9|19:7 9|11:5 8|99:1 5|29:7 6|89:4 10|70:6 6|79:10 7|76:2 1|50:4 5|7:1 6|98:5 4|96:8 3|95:7 10|45:9 3|95:3 10|59:6 7|49:7 5|13:2 4|14:8 7|99:9 2|40:2 2|97:10 3|18:9 4|27:3 4|54:4 9|86:5 10|83:6 9|44:10 5|67:3 5|11:10 10|73:10 1|20:1 8|62:3 6|62:7 4|71:4 7|53:6 1|39:8 9|31:3 7|36:1 10|21:3 8|88:5 6|43:10 4|2:7 8|86:2 8|66:5 3|81:6 3|78:10 2|70:3 9|58:2 7|92:7 7|41:10 6|71:6 4|74:5 5|33:8 6|20:8 2|91:9 5|52:1 3|49:8 5|34:7 1|76:8 8|57:2 6|90:9 8|74:1 1|59:4 8|48:10 8|27:8 4|36:6 10|81:7 3|14:3 2|42:9 1|58:9 6|3:2 3|95:2 5|7:6 8|85:4 2|76:3 3|16:4 4|76:9 9|29:1 2|94:5 1|97:6 5|60:9 7|94:5 2|97:8 10|8:9 10|89:1 9|81:2 10|81:6 2|16:4 3</relation>
		<relation arity="2" defaultCost="infinity" name="R17" nbTuples="100" semantics="soft">46:3 2|21:7 1|63:6 9|35:6 6|95:2 5|19:6 8|15:1 4|16:10 1|20:9 7|67:7 5|11:3 4|72:1 7|53:4 1|10:8 8|24:3 6|14:2 1|81:3 9|40:1 1|99:5 3|25:8 7|23:5 8|50:10 3|83:8 4|4:6 10|22:9 2|17:1 8|8:10 4|38:10 9|86:3 5|55:3 8|92:4 3|33:5 5|44:4 10|5:5 2|65:6 7|86:5 6|48:9 9|83:9 5|82:6 5|86:1 5|76:7 4|53:4 4|58:5 9|20:2 8|8:7 7|77:3 1|7:3 10|2:6 1|72:5 7|24:10 8|64:2 2|10:9 10|71:1 3|14:3 7|21:1 2|67:9 3|29:5 10|14:2 4|79:4 5|55:10 2|81:2 7|51:4 8|72:7 3|1:2 3|18:3 3|84:8 2|12:8 6|51:8 5|94:10 6|75:5 1|86:1 6|0:4 7|32:2 9|50:1 10|12:4 6|25:2 10|69:10 10|46:8 3|46:2 6|37:6 3|59:4 9|92:7 6|20:6 4|97:9 8|45:7 10|41:6 2|21:9 6|67:8 1|4:1 9|95:7 9|61:4 2|9:10 7|3:9 4|10:10 5|34:7 8|47:8 9|81:8 10|44:5 4|53:7 2|39:9 1</relation>
		<relation arity="2" defaultCost="infinity" name="R18" nbTuples="100" semantics="soft">86:8 5|88:7 2|39:1 4|68:2 8|40:1 7|73:7 8|70:4 6|85:6 2|26:9 1|2:3 4|17:8 8|90:1 1|23:1 5|56:2 2|85:9 7|93:3 5|61:9 3|44:5 5|13:2 5|87:9 9|87:3 3|48:1 10|1:9 6|8:10 8|15:9 4|99:3 6|95:3 2|23:7 7|52:6 9|17:1 3|24:5 1|57:6 7|36:10 9|38:7 9|33:7 3|30:7 5|55:10 6|10:2 7|54:6 5|83:9 10|68:9 8|36:6 4|20:8 1|52:8 4|20:1 8|39:6 3|79:4 1|67:2 4|61:7 4|93:5 4|96:10 3|96:3 7|85:6 8|83:10 7|49:5 6|63:5 7|19:10 10|77:10 5|50:7 6|85:4 10|50:6 6|87:1 2|98:5 8|78:4 2|75:8 9|11:5 3|34:8 3|41:2 9|64:6 10|89:8 2|19:2 10|74:9 2|2:3 1|76:4 5|36:7 1|43:3 10|46:10 4|80:8 7|19:9 5|64:7 10|82:1 9|3:2 1|83:10 1|24:4 9|56:4 8|96:2 3|76:4 7|46:5 2|79:4 4|94:3 9|53:5 10|69:5 9|86:8 10|46:3 8|65:4 3|81:6 1|9:8 6|76:2 6|83:1 6|93:10 2</relation>
		<relation arity="2" defaultCost="infinity" name="R19" nbTuples="100" semantics="soft">68:2 3|73:2 10|4:10 1|55:4 9|9:3 9|67:2 8|72:7 10|6:10 7|0:7 9|73:7 2|25:6 5|19:10 10|69:5 8|92:7 6|14:2 4|88:1 2|76:9 2|37:1 9|23:7 8|80:3 10|55:1 6|81:10 4|46:5 2|71:8 2|99:4 4|70:9 6|69:4 2|5:5 3|66:2 7|19:9 5|29:1 10|73:2 1|94:4 7|35:8 7|71:4 6|85:10 2|27:6 1|46:3 6|96:9 7|13:6 4|80:7 5|69:9 10|99:9 8|19:5 10|27:10 8|97:5 1|86:7 4|24:3 3|58:1 5|54:8 1|27:4 1|57:9 3|74:10 6|64:10 3|18:5 5|15:6 3|56:6 7|97:6 2|5:3 2|32:8 8|49:7 7|8:1 3|97:8 10|2:3 1|37:3 5|36:8 4|95:3 7|10:1 1|76:5 4|40:9 9|11:7 1|0:5 7|14:3 8|32:7 3|69:1 8|17:10 5|60:6 8|2:2 2|53:9 1|13:10 9|53:8 3|35:1 4|22:8 5|98:3 4|87:8 6|78:5 9|30:4 5|82:5 6|14:8 9|35:6 6|21:2 6|44:2 5|13:9 4|58:6 10|20:4 3|36:4 8|55:2 9|80:1 7|29:6 9|3:4 10</relation>
		<relation arity="2" defaultCost="infinity" name="R20" nbTuples="100" semantics="soft">17:1 7|71:5 5|51:6 4|28:5 9|41:9 1|91:8 7|79:4 6|32:4 3|37:8 4|67:2 7|5:5 8|92:6 6|85:5 6|23:7 7|49:7 3|55:2 8|0:4 9|85:4 2|16:3 1|4:2 10|59:5 7|85:6 3|45:1 6|16:9 4|18:5 4|32:10 3|47:10 10|70:10 1|99:6 8|3:7 8|35:3 3|53:1 8|97:10 7|23:3 5|73:7 9|23:1 4|87:2 5|52:8 10|87:8 6|73:2 1|55:3 10|6:7 2|54:1 1|33:7 10|64:5 3|71:7 6|9:8 8|40:8 9|8:5 2|31:9 10|4:8 2|10:5 10|94:2 3|33:3 4|14:8 3|22:3 2|48:10 6|76:4 5|8:1 2|11:10 2|40:6 1|40:5 1|53:2 9|70:4 10|50:10 9|9:1 3|73:2 4|46:6 2|98:9 9|18:6 9|87:3 8|62:7 5|41:2 6|42:4 7|80:7 4|56:9 6|55:9 7|96:4 1|40:3 6|33:10 5|30:2 2|31:7 1|29:3 7|18:4 4|75:1 5|95:6 5|94:1 9|14:6 10|34:8 5|83:10 8|2:3 9|17:9 2|95:9 3|3:1 10|29:4 8|8:6 7|91:10 4|73:9 8|28:8 1|48:9 5</relation>
	</relations>
	<GuiPresentation benchmark="RandomDCOP" density="50" domainSize="10" model="TKC" name="instance10" nbAgents="10" nbConstraints="21" nbTuples="100" tightness="0" type="DCOP" />
</instance>