<?xml version='1.0' encoding='UTF-8'?>
<instance>
	<presentation benchmark="RandomDCOP" constraintModel="TKC" format="XDisCSP 1.0" model="Simple" name="instance10" type="DCOP" />
	<agents nbAgents="10">
		<agent description="agent 1" id="1" name="A1" />
		<agent description="agent 2" id="2" name="A2" />
		<agent description="agent 3" id="3" name="A3" />
		<agent description="agent 4" id="4" name="A4" />
		<agent description="agent 5" id="5" name="A5" />
		<agent description="agent 6" id="6" name="A6" />
		<agent description="agent 7" id="7" name="A7" />
		<agent description="agent 8" id="8" name="A8" />
		<agent description="agent 9" id="9" name="A9" />
		<agent description="agent 10" id="10" name="A10" />
	</agents>
	<domains nbDomains="1">
		<domain name="D1" nbValues="10">1..10</domain>
	</domains>
	<variables nbVariables="10">
		<variable agent="A1" description="variable 1.1" domain="D1" id="1" name="X1.1" />
		<variable agent="A2" description="variable 2.1" domain="D1" id="1" name="X2.1" />
		<variable agent="A3" description="variable 3.1" domain="D1" id="1" name="X3.1" />
		<variable agent="A4" description="variable 4.1" domain="D1" id="1" name="X4.1" />
		<variable agent="A5" description="variable 5.1" domain="D1" id="1" name="X5.1" />
		<variable agent="A6" description="variable 6.1" domain="D1" id="1" name="X6.1" />
		<variable agent="A7" description="variable 7.1" domain="D1" id="1" name="X7.1" />
		<variable agent="A8" description="variable 8.1" domain="D1" id="1" name="X8.1" />
		<variable agent="A9" description="variable 9.1" domain="D1" id="1" name="X9.1" />
		<variable agent="A10" description="variable 10.1" domain="D1" id="1" name="X10.1" />
	</variables>
	<constraints initialCost="0" maximalCost="infinity" nbConstraints="20">
		<constraint arity="2" model="TKC" name="C0" reference="R0" scope="X1.1 X7.1" />
		<constraint arity="2" model="TKC" name="C1" reference="R1" scope="X1.1 X6.1" />
		<constraint arity="2" model="TKC" name="C2" reference="R2" scope="X1.1 X9.1" />
		<constraint arity="2" model="TKC" name="C3" reference="R3" scope="X1.1 X2.1" />
		<constraint arity="2" model="TKC" name="C4" reference="R4" scope="X1.1 X8.1" />
		<constraint arity="2" model="TKC" name="C5" reference="R5" scope="X2.1 X5.1" />
		<constraint arity="2" model="TKC" name="C6" reference="R6" scope="X2.1 X3.1" />
		<constraint arity="2" model="TKC" name="C7" reference="R7" scope="X2.1 X10.1" />
		<constraint arity="2" model="TKC" name="C8" reference="R8" scope="X3.1 X4.1" />
		<constraint arity="2" model="TKC" name="C9" reference="R9" scope="X3.1 X5.1" />
		<constraint arity="2" model="TKC" name="C10" reference="R10" scope="X3.1 X10.1" />
		<constraint arity="2" model="TKC" name="C11" reference="R11" scope="X3.1 X6.1" />
		<constraint arity="2" model="TKC" name="C12" reference="R12" scope="X4.1 X6.1" />
		<constraint arity="2" model="TKC" name="C13" reference="R13" scope="X4.1 X8.1" />
		<constraint arity="2" model="TKC" name="C14" reference="R14" scope="X4.1 X10.1" />
		<constraint arity="2" model="TKC" name="C15" reference="R15" scope="X4.1 X7.1" />
		<constraint arity="2" model="TKC" name="C16" reference="R16" scope="X5.1 X6.1" />
		<constraint arity="2" model="TKC" name="C17" reference="R17" scope="X7.1 X8.1" />
		<constraint arity="2" model="TKC" name="C18" reference="R18" scope="X7.1 X9.1" />
		<constraint arity="2" model="TKC" name="C19" reference="R19" scope="X7.1 X10.1" />
	</constraints>
	<relations nbRelations="20">
		<relation arity="2" defaultCost="infinity" name="R0" nbTuples="100" semantics="soft">60:1 6|23:7 4|28:2 2|26:6 2|17:1 9|69:4 9|75:9 8|73:10 3|61:2 1|43:8 7|56:2 6|31:10 9|83:4 8|10:3 10|64:8 2|72:5 5|46:4 7|25:10 7|95:3 5|99:8 8|12:4 4|81:7 3|44:8 5|67:6 10|0:3 4|79:7 6|34:5 1|31:5 4|39:9 2|20:2 9|20:8 10|4:9 1|6:2 4|91:3 3|61:10 6|99:9 4|34:1 2|34:6 8|94:7 7|11:1 1|86:6 4|64:8 3|9:9 9|58:4 1|83:7 5|13:2 5|70:1 10|96:4 5|39:10 4|84:5 3|35:8 1|75:9 3|48:6 3|31:1 8|75:2 8|87:10 1|59:10 5|38:9 7|7:7 2|94:9 6|46:2 10|65:9 5|80:5 2|66:2 7|88:10 2|30:5 8|53:7 10|0:6 7|70:5 7|45:7 9|17:1 7|9:5 9|60:8 9|31:4 6|26:7 8|36:1 5|24:6 1|24:4 2|55:3 9|42:6 9|12:8 4|13:1 4|72:4 10|33:8 6|76:5 10|76:6 6|79:10 8|4:9 10|19:10 10|46:2 3|78:3 1|54:3 2|26:3 8|58:3 6|2:6 5|53:7 1|0:3 7|42:4 3|46:5 6|70:1 3</relation>
		<relation arity="2" defaultCost="infinity" name="R1" nbTuples="100" semantics="soft">58:7 7|23:10 5|33:10 2|98:1 6|78:7 8|75:4 2|29:2 10|5:7 1|80:10 7|47:6 10|52:5 4|13:2 2|51:1 8|25:6 4|25:9 1|36:5 8|43:7 3|99:4 8|98:10 6|54:9 8|34:1 3|51:1 1|5:6 2|87:2 4|26:8 8|91:7 2|55:8 6|81:4 10|24:5 7|31:3 2|39:4 6|8:5 10|4:3 8|17:9 5|28:7 9|95:2 1|20:1 10|40:9 4|61:3 10|74:3 5|90:6 3|77:9 2|60:8 1|72:3 9|62:7 10|99:10 1|65:4 4|8:2 7|31:6 6|26:1 9|25:5 1|84:2 3|54:8 5|77:8 3|70:9 10|93:10 4|38:5 5|94:3 1|50:9 7|78:3 4|62:4 7|82:1 7|25:2 6|74:10 9|29:7 6|59:5 2|92:2 5|83:8 7|18:6 1|83:6 9|0:3 6|23:10 3|49:10 8|78:3 7|25:7 4|11:8 10|88:2 8|2:1 2|47:6 7|38:1 5|86:4 1|7:6 8|35:6 5|26:4 9|31:8 4|29:4 3|42:1 4|98:2 9|12:9 3|27:8 9|46:10 10|96:9 9|92:9 6|93:5 6|11:3 3|21:5 9|57:8 2|50:4 5|88:5 3|23:7 5</relation>
		<relation arity="2" defaultCost="infinity" name="R2" nbTuples="100" semantics="soft">98:7 10|87:9 1|93:7 2|19:9 5|46:8 6|53:10 8|7:8 3|45:2 4|83:3 7|22:2 2|77:6 4|1:9 10|8:7 1|80:5 5|15:8 5|56:7 4|53:1 2|0:3 9|10:10 4|76:3 5|77:1 1|26:9 8|90:9 2|37:9 9|47:4 7|17:8 2|41:2 1|16:3 3|48:6 3|12:2 9|72:5 6|36:10 9|79:8 1|33:8 10|35:2 10|86:4 10|72:7 5|28:3 6|91:7 7|60:9 4|8:1 7|28:4 1|21:4 4|31:10 10|30:9 6|34:8 7|9:6 10|34:10 7|65:4 9|81:6 6|58:6 2|11:5 8|44:7 3|66:8 9|94:9 3|38:3 8|66:5 2|25:4 6|77:3 4|37:3 2|86:1 8|88:2 8|1:7 8|92:7 6|24:10 5|82:4 2|78:1 5|37:1 9|86:5 7|19:5 4|66:5 9|76:8 8|66:1 4|73:3 10|97:5 1|27:10 2|71:4 5|50:6 8|56:3 1|39:6 7|40:10 1|8:4 8|28:2 6|0:2 7|10:10 3|19:8 4|40:2 5|36:6 5|38:5 3|6:6 1|92:1 10|83:1 6|90:4 3|63:1 3|46:2 3|58:7 9|39:10 6|2:9 7|11:5 10|89:6 9</relation>
		<relation arity="2" defaultCost="infinity" name="R3" nbTuples="100" semantics="soft">72:6 2|28:2 7|55:7 6|22:1 9|50:3 4|26:1 10|93:1 5|80:8 5|88:4 5|2:8 7|63:2 2|33:9 6|52:4 8|51:3 9|58:2 8|75:8 1|43:9 9|0:10 4|48:10 10|4:4 6|66:4 3|72:5 10|98:10 1|96:5 6|3:5 5|55:8 6|23:4 10|56:2 4|16:7 9|76:4 1|80:3 8|63:7 3|51:2 10|0:2 6|27:2 5|91:7 7|62:10 3|85:6 8|33:7 5|40:10 5|94:7 10|55:6 5|68:5 4|50:5 2|97:2 3|56:4 7|96:5 1|91:5 7|45:9 2|36:10 6|94:9 10|46:9 7|65:7 8|95:5 9|53:3 3|88:1 3|26:10 8|33:3 10|25:4 9|47:3 2|99:9 8|1:9 4|72:7 1|54:8 3|38:8 2|61:8 4|89:3 1|19:9 3|91:9 5|61:3 6|25:8 8|62:4 4|87:6 3|15:10 9|72:6 6|4:10 7|25:2 9|92:1 6|36:4 2|98:8 10|36:1 1|1:1 7|93:6 9|52:6 7|10:6 4|23:3 5|46:6 1|2:6 10|21:7 4|9:1 8|19:7 2|61:2 1|25:5 3|8:1 2|37:3 7|5:8 9|23:1 4|75:5 8|84:9 1|73:10 2</relation>
		<relation arity="2" defaultCost="infinity" name="R4" nbTuples="100" semantics="soft">50:2 2|72:2 8|80:4 7|35:3 1|87:7 3|97:1 2|51:10 7|78:10 4|95:9 1|86:8 1|73:5 10|83:6 9|29:5 2|45:2 10|14:1 1|34:9 10|43:8 10|91:4 4|37:2 1|20:1 6|46:6 8|67:4 2|85:8 9|61:9 6|23:1 4|63:10 1|40:2 4|35:8 7|94:3 4|61:10 6|47:4 8|58:4 5|9:10 8|27:6 5|95:7 8|97:10 9|0:3 8|27:5 1|43:8 4|0:7 9|45:2 7|55:4 10|73:6 3|15:4 6|26:5 5|50:2 5|36:9 7|49:3 9|36:9 9|93:10 2|54:9 8|44:9 3|7:6 10|55:10 3|30:1 5|54:5 7|99:8 6|33:8 5|9:6 4|5:5 4|81:3 3|93:1 7|0:8 2|8:2 6|54:9 2|42:7 4|73:7 10|82:6 7|26:7 1|16:4 3|53:4 9|52:3 10|34:3 2|66:1 9|20:9 4|5:3 6|43:6 1|15:2 3|1:5 6|51:3 7|29:5 3|32:1 3|52:10 10|36:8 3|55:4 1|11:6 2|30:5 9|29:9 5|28:2 9|40:5 8|95:8 8|42:1 8|53:3 5|65:7 2|71:7 6|70:1 10|94:6 6|55:10 5|7:7 7|41:7 5</relation>
		<relation arity="2" defaultCost="infinity" name="R5" nbTuples="100" semantics="soft">63:4 2|62:4 1|99:8 2|28:8 6|46:2 8|90:9 7|70:2 2|41:7 7|16:3 4|79:10 8|98:3 10|37:10 1|34:10 3|43:4 7|77:3 5|79:10 5|99:1 7|3:8 1|15:3 8|9:6 10|98:1 5|1:9 6|2:6 6|78:8 9|86:6 9|18:5 6|97:5 5|30:2 10|34:1 3|82:9 10|1:6 3|56:9 2|93:7 8|5:3 9|36:7 1|1:1 4|25:2 3|84:2 4|76:3 2|35:1 9|34:10 7|97:2 7|74:8 8|68:9 4|88:2 9|81:7 2|40:5 4|99:9 5|90:8 3|69:7 6|92:5 9|28:4 4|71:5 1|3:4 8|9:2 1|34:6 4|56:7 10|12:10 6|65:5 8|91:6 1|37:3 3|39:10 4|45:3 7|64:8 5|14:7 3|24:3 6|17:8 4|4:4 5|22:10 10|39:9 3|29:2 6|13:7 5|19:5 10|76:5 3|8:2 5|6:1 6|78:7 4|72:7 9|43:5 7|69:1 2|96:9 1|35:5 2|16:6 2|83:1 10|2:10 2|92:6 8|65:9 8|98:1 1|47:4 3|0:8 10|83:3 1|4:8 7|60:10 9|3:6 7|33:4 6|87:6 5|84:4 9|78:9 9|73:4 10|2:1 8</relation>
		<relation arity="2" defaultCost="infinity" name="R6" nbTuples="100" semantics="soft">45:7 4|33:8 5|71:3 6|85:10 10|63:3 9|2:10 9|67:4 3|11:5 7|11:4 2|3:3 5|88:2 9|29:9 6|15:6 1|78:7 6|94:6 7|50:1 1|27:7 1|34:10 7|2:6 4|66:6 8|40:2 6|53:1 9|71:10 5|69:1 7|75:8 6|51:7 7|62:8 8|12:7 10|7:7 8|41:2 1|84:9 4|64:6 3|98:2 7|47:4 10|75:1 4|25:1 2|98:4 6|2:5 4|93:10 6|78:4 1|62:5 2|73:10 2|46:9 7|61:5 8|47:7 9|52:2 4|91:10 3|99:8 2|9:9 5|43:3 3|31:6 9|80:5 10|57:8 4|39:4 8|96:8 10|58:1 8|69:6 2|50:2 3|1:3 4|89:6 5|37:1 5|98:7 3|22:4 4|40:5 9|74:4 9|15:10 8|73:9 1|50:8 9|56:2 8|15:2 2|19:9 9|11:9 3|17:9 10|91:1 6|90:9 2|43:3 2|80:7 5|72:6 6|91:3 1|59:8 1|2:4 5|70:5 6|29:5 1|10:1 10|61:8 3|40:4 7|69:1 3|31:3 10|31:5 3|37:7 2|38:5 5|41:3 8|74:9 8|47:10 1|77:2 10|27:8 7|7:10 4|16:2 5|93:3 7|78:6 10</relation>
		<relation arity="2" defaultCost="infinity" name="R7" nbTuples="100" semantics="soft">34:1 10|13:3 5|25:10 3|75:5 8|76:3 7|18:4 4|14:2 4|54:1 8|28:2 3|66:3 1|93:8 3|22:8 2|82:8 4|84:8 6|4:7 9|40:6 5|84:5 3|94:10 9|61:8 1|34:9 9|56:4 3|5:3 8|1:3 9|90:1 6|71:10 6|78:6 9|71:8 9|54:10 7|62:9 1|5:8 10|18:5 4|23:6 8|55:1 3|67:3 2|56:5 6|76:6 7|57:3 6|14:9 2|76:5 10|8:7 3|13:8 8|2:6 1|8:3 3|13:4 1|9:6 6|71:7 7|32:8 5|36:3 4|38:9 6|9:7 4|75:2 9|86:9 7|10:1 7|54:10 4|18:4 8|94:7 5|49:4 2|41:5 1|41:1 1|55:10 5|50:10 10|14:7 2|22:2 7|63:5 5|36:5 9|77:3 10|80:4 10|8:2 5|36:7 1|14:2 8|47:6 4|24:7 6|56:10 2|18:5 7|91:2 10|44:2 2|54:6 3|4:6 2|18:7 8|31:1 5|33:1 9|96:9 10|98:10 1|1:10 8|62:9 8|42:4 6|62:8 7|30:7 10|41:9 4|91:1 4|37:4 7|23:4 9|37:6 10|21:5 2|32:9 5|75:1 2|78:2 6|10:2 1|14:4 5|98:9 3</relation>
		<relation arity="2" defaultCost="infinity" name="R8" nbTuples="100" semantics="soft">86:3 1|37:9 5|19:6 2|63:5 2|48:10 3|81:9 8|81:3 4|39:5 4|29:4 2|63:1 10|58:3 3|33:3 7|96:9 2|2:5 10|15:10 9|63:8 8|30:8 1|59:2 5|44:2 3|50:8 10|36:8 2|96:5 5|78:2 10|27:1 3|69:9 3|95:7 5|5:5 7|95:10 5|12:7 6|57:1 8|16:4 6|81:5 3|81:2 1|81:10 6|0:10 1|98:2 9|37:1 7|91:7 1|27:5 1|30:10 10|97:8 4|38:6 8|45:6 10|33:7 10|84:4 8|61:8 5|21:4 5|26:7 3|65:4 10|88:5 9|11:6 1|92:6 6|29:1 4|97:3 2|13:3 6|16:2 2|15:6 4|69:2 4|19:10 7|90:2 8|68:8 6|76:7 4|93:5 8|25:1 9|44:1 5|89:4 4|80:7 8|2:5 6|2:8 3|52:6 3|10:3 10|83:1 1|46:4 1|27:9 6|12:10 8|51:7 9|78:3 8|56:9 9|15:4 7|13:9 10|17:8 7|24:3 9|40:2 7|69:8 9|38:10 4|54:1 6|28:9 1|47:4 9|34:9 7|73:3 5|50:1 2|85:10 2|25:9 4|13:4 3|53:7 7|13:7 2|14:6 7|12:6 5|27:2 6|3:6 9</relation>
		<relation arity="2" defaultCost="infinity" name="R9" nbTuples="100" semantics="soft">10:1 2|62:7 2|48:5 1|71:7 7|14:4 5|72:3 7|29:3 10|46:5 5|37:5 2|75:8 8|50:4 8|5:10 5|44:1 8|65:4 7|30:6 6|97:7 5|13:9 9|83:1 1|33:6 10|36:6 9|80:7 1|41:1 9|5:9 6|20:3 5|52:6 8|84:7 10|70:2 10|37:3 9|65:5 10|39:2 1|71:6 5|74:3 8|37:8 5|66:10 3|1:9 4|36:9 8|65:3 3|24:9 3|8:5 6|44:5 8|53:10 7|52:2 5|7:10 4|76:9 7|5:4 6|19:7 8|58:1 10|72:1 6|86:6 7|34:7 4|30:10 1|4:10 9|88:8 6|60:3 2|89:3 4|12:8 1|34:5 3|45:9 2|57:2 3|77:5 4|20:4 2|1:8 9|1:2 8|57:8 4|91:7 6|65:4 4|33:1 7|11:6 2|48:2 9|95:2 7|68:8 3|9:5 9|30:4 1|46:5 7|51:8 10|5:6 3|90:2 6|26:7 9|29:1 3|11:8 2|37:10 2|88:1 4|17:9 1|88:4 10|17:3 1|25:4 9|68:6 4|70:2 4|81:8 7|33:3 6|50:9 5|72:10 8|74:10 10|63:7 3|34:4 3|53:10 6|93:2 2|74:6 1|43:1 5|33:9 10</relation>
		<relation arity="2" defaultCost="infinity" name="R10" nbTuples="100" semantics="soft">3:2 10|50:10 6|89:6 8|24:1 6|53:6 6|3:5 9|9:8 9|60:9 7|91:3 6|45:9 4|21:2 3|49:6 7|38:1 1|30:4 10|32:10 2|26:8 2|29:6 5|45:1 3|10:6 2|8:10 9|94:1 9|77:5 7|63:10 1|3:9 3|1:3 3|70:3 1|78:3 9|81:5 6|94:2 7|14:5 5|41:5 3|24:3 5|66:2 9|27:4 3|3:7 5|13:7 3|58:2 8|42:7 2|2:7 4|45:8 5|32:2 5|26:6 9|97:1 5|14:3 10|2:3 4|76:2 6|42:2 2|41:8 4|59:6 10|84:9 10|84:7 1|49:9 6|66:10 5|57:4 2|2:3 7|84:5 1|59:10 3|96:3 8|27:7 7|41:4 5|13:3 2|97:8 10|34:7 9|41:1 7|36:4 4|78:5 8|0:9 2|81:9 5|28:5 4|87:8 7|94:10 10|75:1 8|91:6 1|52:4 6|65:7 8|89:6 4|73:8 8|10:4 7|0:1 2|62:4 8|19:4 1|53:6 3|13:10 4|34:9 9|25:5 10|13:10 7|81:9 8|11:7 6|31:4 9|41:7 10|42:5 2|52:8 3|75:9 1|12:2 4|48:8 6|75:1 10|19:2 1|65:8 1|58:10 8|0:1 4</relation>
		<relation arity="2" defaultCost="infinity" name="R11" nbTuples="100" semantics="soft">89:7 6|86:3 3|42:6 3|88:5 5|15:6 7|7:4 8|80:5 10|17:2 4|50:1 9|58:3 1|96:8 2|9:9 10|92:2 8|82:6 2|58:1 4|7:6 9|57:1 3|92:3 8|15:3 2|19:9 1|30:7 9|82:9 3|80:6 10|23:7 7|66:4 2|9:10 4|42:5 8|0:7 8|36:6 5|10:8 4|71:9 4|8:8 5|44:10 6|14:1 2|27:9 5|6:8 7|23:2 1|53:2 9|26:4 1|23:3 10|31:2 5|83:10 3|3:9 9|54:8 8|83:2 7|47:10 10|45:7 3|36:6 1|0:2 3|58:10 1|39:7 4|79:4 9|62:3 4|57:10 5|49:4 4|32:7 10|13:4 5|34:3 6|42:6 6|48:3 9|14:9 8|2:4 7|18:2 2|14:9 6|6:8 1|66:7 2|34:6 8|38:1 8|76:8 9|68:1 10|44:1 6|61:8 6|88:10 9|94:6 4|12:10 7|75:10 2|16:5 1|41:5 7|69:3 5|80:1 1|5:7 1|9:9 2|14:2 10|24:8 10|14:3 7|56:7 5|7:5 3|25:1 5|22:10 8|83:9 7|5:2 6|70:8 3|71:4 10|24:4 6|26:5 9|70:5 4|34:5 6|89:4 3|81:5 2|23:1 7</relation>
		<relation arity="2" defaultCost="infinity" name="R12" nbTuples="100" semantics="soft">76:7 9|6:6 1|78:7 10|81:5 8|1:6 7|53:8 6|89:4 10|20:9 10|1:5 10|7:5 6|57:1 9|30:7 4|90:2 10|57:8 8|96:3 9|14:6 9|66:10 5|84:7 5|15:9 9|63:4 4|62:7 2|13:6 5|28:3 5|55:5 1|70:3 2|21:4 3|90:1 8|47:10 8|90:3 1|20:8 2|92:9 4|79:10 1|36:10 4|87:6 6|23:2 9|27:1 10|28:10 10|82:5 9|44:5 2|3:1 2|1:6 3|80:6 4|29:5 3|16:2 4|24:4 5|47:8 5|74:8 1|75:2 2|13:9 1|32:3 8|20:1 4|81:8 9|49:1 7|5:9 6|73:8 7|52:4 8|72:8 10|74:4 2|47:8 3|24:10 3|0:9 7|66:2 8|71:5 4|5:7 8|38:2 3|88:10 9|68:8 4|87:7 3|74:3 7|46:10 7|16:1 5|65:1 1|18:3 10|60:6 8|46:9 3|43:3 3|52:4 7|26:7 6|61:2 1|19:4 6|36:5 7|26:10 6|59:10 2|0:5 5|68:6 2|71:9 8|60:1 3|63:1 6|0:4 9|52:3 4|99:2 5|10:2 6|3:7 1|79:3 6|26:7 7|54:9 2|78:6 10|53:9 5|79:4 1|69:2 7</relation>
		<relation arity="2" defaultCost="infinity" name="R13" nbTuples="100" semantics="soft">5:5 9|28:8 3|21:1 3|57:9 9|12:10 1|87:10 8|76:4 7|20:9 2|76:10 6|0:10 4|66:4 1|72:2 7|65:2 6|31:2 9|58:10 5|12:6 7|14:6 1|24:3 6|69:3 10|30:4 6|81:7 5|49:4 10|60:2 8|2:10 3|47:8 7|68:1 8|21:3 9|60:10 7|81:5 2|58:9 10|11:3 2|55:2 10|89:9 3|97:9 4|25:8 10|0:7 2|90:9 6|71:8 1|7:8 4|81:4 9|10:6 2|69:10 9|45:3 3|97:7 3|44:9 7|22:9 8|77:6 6|12:7 6|94:2 3|25:3 7|5:6 10|76:7 8|87:1 6|63:5 10|59:2 5|96:5 6|74:5 5|4:2 2|89:8 6|91:6 9|31:4 8|48:7 1|43:1 9|19:1 1|91:6 8|72:7 9|94:6 4|71:1 2|77:7 7|79:9 1|0:4 5|69:10 2|24:1 4|24:5 7|14:8 8|16:8 5|32:1 5|48:3 5|39:1 10|38:2 4|48:4 3|56:6 3|54:10 10|81:4 2|64:8 9|30:5 4|88:7 10|80:1 7|91:8 2|6:9 5|50:7 4|54:5 3|40:5 8|41:6 5|80:4 4|57:3 1|48:5 1|41:3 4|55:2 1|27:3 8</relation>
		<relation arity="2" defaultCost="infinity" name="R14" nbTuples="100" semantics="soft">35:4 2|40:8 6|67:9 8|14:5 5|11:7 2|82:1 7|64:2 10|93:1 2|89:2 2|63:6 5|43:6 3|30:2 8|96:10 4|23:8 4|59:10 10|3:6 9|13:9 4|16:3 7|51:3 3|23:7 5|63:3 5|93:9 5|45:7 4|83:4 3|18:6 4|36:1 1|76:9 9|12:10 2|81:9 6|41:9 2|49:9 10|30:3 10|96:10 5|91:3 9|48:4 6|23:6 1|60:3 1|37:2 3|86:2 4|84:8 8|66:1 6|84:10 8|44:1 3|68:10 9|79:8 9|23:10 3|94:4 10|98:4 4|55:5 6|44:2 9|97:3 8|36:7 6|52:4 9|62:8 10|5:2 6|25:6 10|33:4 1|55:5 7|28:2 5|92:4 5|8:6 8|0:7 7|82:5 3|3:1 4|59:2 1|75:6 6|78:8 7|94:1 5|30:5 8|67:5 9|26:9 1|63:9 7|61:10 6|92:8 1|12:7 10|72:8 2|57:1 9|56:7 9|51:3 2|68:5 2|74:8 3|85:5 1|2:10 7|26:1 8|87:7 8|38:6 7|48:6 2|74:5 10|58:4 7|26:8 5|11:4 8|80:1 10|82:7 3|47:2 7|59:3 6|22:10 1|33:3 4|0:9 3|99:7 1|4:5 4</relation>
		<relation arity="2" defaultCost="infinity" name="R15" nbTuples="100" semantics="soft">50:3 10|13:5 7|81:3 6|37:3 9|38:2 8|35:5 9|59:7 1|6:4 8|40:6 4|97:6 7|49:4 7|4:6 9|20:4 9|78:4 2|4:9 6|56:7 4|72:6 8|71:4 1|5:2 4|83:7 3|28:8 4|29:9 1|49:1 1|62:3 5|30:7 7|66:7 2|93:8 6|52:3 7|2:10 9|58:9 7|93:4 4|40:9 8|75:6 6|57:9 5|67:6 1|79:1 4|4:7 8|24:6 5|54:8 5|39:9 9|71:1 5|32:2 2|13:8 7|76:4 3|83:5 10|57:7 10|62:10 10|71:7 6|51:9 3|82:3 2|60:1 3|52:8 3|0:10 8|38:2 9|16:10 6|86:9 4|53:6 10|28:1 6|9:3 3|32:5 3|29:8 8|63:2 3|8:8 1|22:9 10|53:10 4|59:10 3|59:4 10|68:8 2|1:10 1|16:5 6|14:2 6|59:1 7|81:3 8|31:8 9|16:1 8|19:1 10|18:10 7|62:5 2|88:10 2|37:2 7|96:8 10|38:2 10|56:3 1|96:4 5|11:10 5|34:7 9|80:5 4|47:7 5|13:1 9|22:6 2|36:1 2|49:5 1|62:5 5|50:2 1|89:9 2|0:6 3|83:4 6|48:5 8|7:3 4|69:2 5</relation>
		<relation arity="2" defaultCost="infinity" name="R16" nbTuples="100" semantics="soft">14:3 10|50:8 10|73:5 5|68:1 1|44:2 3|1:2 6|85:2 5|19:9 1|27:6 3|63:5 2|1:7 8|52:7 7|67:9 6|24:1 2|89:3 9|69:3 4|95:8 6|59:10 7|65:10 1|52:2 2|79:2 1|2:1 3|44:5 3|42:8 3|96:4 8|51:7 3|96:9 7|73:5 4|56:1 4|99:10 5|0:4 2|81:5 8|97:9 8|40:8 4|65:10 10|37:6 7|57:6 10|84:7 4|92:1 5|47:6 9|84:1 6|23:7 10|37:4 10|51:4 6|67:4 4|17:1 7|49:3 3|92:6 4|60:4 5|74:3 8|90:8 5|72:9 5|98:8 8|36:9 10|92:9 4|40:4 9|52:10 8|42:7 1|26:4 1|46:5 6|46:5 9|76:6 5|4:8 9|39:5 1|77:7 5|81:5 10|81:7 2|20:2 4|7:8 7|24:4 7|17:8 2|67:10 4|71:3 2|75:2 7|71:8 1|7:2 8|49:6 2|54:3 7|24:9 2|37:6 1|0:1 10|74:9 3|50:3 5|37:3 1|34:3 6|26:6 8|7:2 9|0:1 9|21:9 9|63:10 2|21:10 9|62:7 6|15:10 6|90:5 7|37:10 3|69:2 10|4:6 6|90:7 9|1:4 3|25:1 8</relation>
		<relation arity="2" defaultCost="infinity" name="R17" nbTuples="100" semantics="soft">44:5 6|27:1 8|14:5 1|17:3 6|41:10 8|26:8 8|67:6 4|30:8 3|76:9 3|81:1 2|87:7 5|44:4 5|56:10 3|23:3 9|99:6 3|33:2 3|62:2 9|22:5 2|18:3 7|76:8 7|22:10 2|26:2 7|50:10 6|85:8 5|22:6 6|45:8 6|91:9 4|10:4 1|35:7 2|24:7 9|9:4 10|37:9 8|15:6 8|49:1 6|40:5 9|89:8 10|96:9 10|0:6 5|15:2 1|54:5 8|5:2 4|21:3 2|93:4 8|8:1 7|12:1 4|22:7 1|34:7 4|97:6 9|67:9 7|44:2 5|39:10 4|24:6 2|78:8 9|87:3 5|21:3 8|69:2 2|84:1 10|63:4 4|41:5 3|49:9 1|56:4 7|1:3 4|22:5 5|91:3 10|40:7 3|71:3 3|21:8 4|56:6 10|75:6 7|29:5 7|85:7 6|65:6 1|5:2 6|18:9 9|63:4 2|0:9 2|85:2 10|82:10 7|80:5 4|21:4 9|32:7 8|32:10 10|56:9 5|67:10 9|50:8 1|17:1 3|37:2 8|7:5 10|22:9 6|92:8 2|65:7 10|11:1 9|63:3 1|71:10 1|62:1 1|44:1 5|76:10 5|76:4 3|72:7 7|31:4 6</relation>
		<relation arity="2" defaultCost="infinity" name="R18" nbTuples="100" semantics="soft">97:6 5|95:5 2|71:2 3|25:3 8|37:7 10|63:1 2|63:9 4|53:9 6|33:5 6|10:10 10|83:8 3|43:9 3|17:3 6|29:6 7|50:8 10|52:4 7|7:9 5|60:1 6|28:3 10|41:7 3|92:1 5|26:8 9|6:8 2|35:6 4|89:10 4|34:3 4|80:3 5|35:7 2|36:4 3|11:6 10|30:2 2|77:7 6|38:10 8|98:6 2|19:10 3|53:8 6|23:2 9|68:10 9|24:5 1|54:8 5|97:4 6|40:5 7|26:7 8|47:1 10|43:3 1|57:2 8|34:9 1|12:10 7|46:7 9|15:4 4|17:1 7|25:10 1|95:5 9|42:8 4|23:5 4|41:5 3|30:8 8|50:4 2|1:6 6|51:3 2|57:9 8|10:2 10|28:9 2|68:2 6|58:1 9|90:6 9|81:8 7|46:9 7|64:4 8|61:3 9|71:9 9|57:4 9|58:5 10|71:7 7|58:5 8|19:4 1|1:10 2|37:10 6|15:3 7|7:1 3|71:4 10|24:8 1|81:2 1|92:10 5|45:1 8|35:3 3|47:7 5|72:5 5|30:4 5|13:2 5|6:7 1|38:2 4|53:7 4|3:1 4|1:2 7|53:9 10|18:1 1|98:6 1|36:6 8|75:6 3</relation>
		<relation arity="2" defaultCost="infinity" name="R19" nbTuples="100" semantics="soft">49:4 1|0:10 10|19:2 3|6:5 6|43:3 7|17:5 10|39:10 9|86:7 4|13:9 9|12:4 3|31:2 8|3:6 3|5:4 6|10:9 3|71:6 7|89:2 9|72:6 1|31:9 8|91:8 2|37:9 6|11:1 3|36:5 3|26:7 1|51:1 10|30:10 4|49:8 10|1:8 6|36:7 5|32:1 4|0:5 7|22:1 2|98:4 4|23:7 3|44:6 9|56:8 4|73:2 5|77:3 6|74:9 1|32:9 7|51:7 2|13:3 3|9:10 1|79:10 3|2:9 5|32:9 10|34:1 6|26:4 10|72:1 5|71:5 9|0:5 5|32:6 10|81:7 9|67:4 7|61:6 2|15:4 8|43:3 9|6:1 9|97:3 2|47:7 10|29:2 6|7:2 4|54:10 2|37:3 10|12:9 4|68:1 7|9:8 7|2:2 7|37:6 8|28:7 6|31:8 9|28:4 2|51:9 2|25:10 5|82:5 2|78:6 5|47:7 8|47:3 5|66:6 4|9:1 1|79:10 6|0:5 4|69:4 9|6:2 10|13:2 1|4:8 1|60:10 7|45:8 8|98:5 1|84:2 2|69:1 8|48:3 8|50:6 6|24:7 7|95:3 4|87:4 5|47:8 5|19:8 3|18:5 8|93:3 1|45:10 8</relation>
	</relations>
	<GuiPresentation benchmark="RandomDCOP" density="50" domainSize="10" model="TKC" name="instance10" nbAgents="10" nbConstraints="20" nbTuples="100" tightness="0" type="DCOP" />
</instance>