<?xml version='1.0' encoding='UTF-8'?>
<instance>
	<presentation benchmark="RandomDCOP" constraintModel="TKC" format="XDisCSP 1.0" model="Simple" name="instance10" type="DCOP" />
	<agents nbAgents="10">
		<agent description="agent 1" id="1" name="A1" />
		<agent description="agent 2" id="2" name="A2" />
		<agent description="agent 3" id="3" name="A3" />
		<agent description="agent 4" id="4" name="A4" />
		<agent description="agent 5" id="5" name="A5" />
		<agent description="agent 6" id="6" name="A6" />
		<agent description="agent 7" id="7" name="A7" />
		<agent description="agent 8" id="8" name="A8" />
		<agent description="agent 9" id="9" name="A9" />
		<agent description="agent 10" id="10" name="A10" />
	</agents>
	<domains nbDomains="1">
		<domain name="D1" nbValues="10">1..10</domain>
	</domains>
	<variables nbVariables="10">
		<variable agent="A1" description="variable 1.1" domain="D1" id="1" name="X1.1" />
		<variable agent="A2" description="variable 2.1" domain="D1" id="1" name="X2.1" />
		<variable agent="A3" description="variable 3.1" domain="D1" id="1" name="X3.1" />
		<variable agent="A4" description="variable 4.1" domain="D1" id="1" name="X4.1" />
		<variable agent="A5" description="variable 5.1" domain="D1" id="1" name="X5.1" />
		<variable agent="A6" description="variable 6.1" domain="D1" id="1" name="X6.1" />
		<variable agent="A7" description="variable 7.1" domain="D1" id="1" name="X7.1" />
		<variable agent="A8" description="variable 8.1" domain="D1" id="1" name="X8.1" />
		<variable agent="A9" description="variable 9.1" domain="D1" id="1" name="X9.1" />
		<variable agent="A10" description="variable 10.1" domain="D1" id="1" name="X10.1" />
	</variables>
	<constraints initialCost="0" maximalCost="infinity" nbConstraints="22">
		<constraint arity="2" model="TKC" name="C0" reference="R0" scope="X1.1 X6.1" />
		<constraint arity="2" model="TKC" name="C1" reference="R1" scope="X1.1 X2.1" />
		<constraint arity="2" model="TKC" name="C2" reference="R2" scope="X1.1 X9.1" />
		<constraint arity="2" model="TKC" name="C3" reference="R3" scope="X2.1 X8.1" />
		<constraint arity="2" model="TKC" name="C4" reference="R4" scope="X2.1 X6.1" />
		<constraint arity="2" model="TKC" name="C5" reference="R5" scope="X2.1 X10.1" />
		<constraint arity="2" model="TKC" name="C6" reference="R6" scope="X2.1 X3.1" />
		<constraint arity="2" model="TKC" name="C7" reference="R7" scope="X2.1 X4.1" />
		<constraint arity="2" model="TKC" name="C8" reference="R8" scope="X3.1 X5.1" />
		<constraint arity="2" model="TKC" name="C9" reference="R9" scope="X3.1 X8.1" />
		<constraint arity="2" model="TKC" name="C10" reference="R10" scope="X3.1 X9.1" />
		<constraint arity="2" model="TKC" name="C11" reference="R11" scope="X3.1 X6.1" />
		<constraint arity="2" model="TKC" name="C12" reference="R12" scope="X4.1 X10.1" />
		<constraint arity="2" model="TKC" name="C13" reference="R13" scope="X4.1 X9.1" />
		<constraint arity="2" model="TKC" name="C14" reference="R14" scope="X5.1 X9.1" />
		<constraint arity="2" model="TKC" name="C15" reference="R15" scope="X5.1 X7.1" />
		<constraint arity="2" model="TKC" name="C16" reference="R16" scope="X6.1 X8.1" />
		<constraint arity="2" model="TKC" name="C17" reference="R17" scope="X6.1 X7.1" />
		<constraint arity="2" model="TKC" name="C18" reference="R18" scope="X6.1 X9.1" />
		<constraint arity="2" model="TKC" name="C19" reference="R19" scope="X6.1 X10.1" />
		<constraint arity="2" model="TKC" name="C20" reference="R20" scope="X7.1 X10.1" />
		<constraint arity="2" model="TKC" name="C21" reference="R21" scope="X7.1 X8.1" />
	</constraints>
	<relations nbRelations="22">
		<relation arity="2" defaultCost="infinity" name="R0" nbTuples="100" semantics="soft">29:6 2|76:7 7|22:3 9|62:6 9|54:3 10|29:2 6|20:7 2|39:6 1|79:8 7|11:8 4|90:5 4|5:2 9|90:1 5|75:4 4|30:10 7|73:8 8|16:8 10|21:10 6|54:6 8|95:9 4|64:9 1|49:7 1|39:7 5|40:1 8|28:8 1|15:9 3|71:3 5|6:8 5|96:10 10|70:4 6|12:10 3|11:7 4|10:6 4|16:6 3|15:2 2|32:4 5|51:1 1|90:7 6|84:7 9|83:1 9|25:8 2|15:6 7|74:6 5|31:6 6|21:8 6|85:1 6|68:5 2|36:1 2|54:10 1|13:4 1|12:1 10|4:3 3|30:10 2|68:5 10|71:7 3|30:5 1|80:3 7|15:4 8|30:2 5|84:4 9|54:1 4|84:8 9|40:7 10|56:2 7|43:3 6|46:1 3|14:5 6|10:3 2|58:10 4|88:3 8|52:9 9|43:2 4|38:4 2|85:4 7|32:9 2|90:10 5|67:9 8|3:5 7|89:5 8|70:1 7|95:5 9|2:6 10|38:2 1|40:5 3|18:4 3|41:2 8|43:3 4|37:2 10|43:9 7|90:9 6|36:7 8|20:10 8|71:9 5|19:10 9|84:3 1|94:4 10|3:2 3|81:8 3|34:9 10|17:5 5</relation>
		<relation arity="2" defaultCost="infinity" name="R1" nbTuples="100" semantics="soft">50:1 8|40:3 3|10:5 3|51:7 3|74:3 9|72:6 2|2:6 8|26:3 2|0:9 10|90:9 1|1:5 5|78:6 9|51:9 2|83:5 8|71:5 2|47:3 5|33:10 9|59:8 4|94:1 4|42:8 3|74:7 9|82:4 7|84:6 1|83:9 6|77:4 2|98:3 1|7:6 3|43:10 2|88:5 7|69:3 4|39:10 6|6:9 4|71:8 10|72:6 5|43:6 7|17:4 10|53:8 1|29:4 8|13:7 8|94:5 10|6:10 1|17:7 7|32:3 7|91:6 4|66:10 10|67:9 8|8:7 4|59:1 7|76:9 7|26:4 9|73:8 7|21:2 3|48:7 1|40:3 10|91:8 2|63:4 4|98:1 3|4:10 8|59:4 5|73:2 2|99:4 1|41:5 9|31:1 6|41:5 1|54:2 6|20:8 9|30:7 6|26:1 9|0:6 6|96:2 1|22:9 9|73:3 8|11:7 5|94:1 5|4:6 10|32:2 7|53:10 5|65:7 2|52:4 3|13:1 2|83:8 5|1:7 10|82:2 5|87:3 6|88:10 7|2:2 8|89:9 5|75:5 4|7:9 3|47:2 4|52:8 6|65:10 4|26:5 6|33:1 10|4:8 8|84:4 6|54:2 9|31:2 10|7:1 1|92:10 3</relation>
		<relation arity="2" defaultCost="infinity" name="R2" nbTuples="100" semantics="soft">68:9 1|28:6 1|21:10 4|49:5 8|35:1 3|85:3 5|58:8 10|23:3 6|67:10 9|27:7 9|13:2 5|50:6 10|93:1 8|54:6 6|33:1 6|8:2 4|89:1 2|83:10 3|91:3 7|66:3 1|17:8 9|36:6 4|83:8 6|77:10 8|62:5 6|59:5 5|70:4 6|17:7 3|44:3 8|35:5 10|12:9 3|65:3 4|98:9 7|4:7 5|49:7 6|48:4 8|21:9 9|41:8 2|55:6 2|80:2 1|5:5 4|36:2 3|35:7 4|27:2 2|71:3 2|91:4 9|43:8 4|10:7 1|9:5 3|78:10 2|4:10 1|63:5 9|6:2 9|48:8 1|5:9 2|54:1 7|24:9 6|0:8 3|85:4 3|86:9 4|78:8 7|49:10 10|70:9 10|76:1 9|76:2 8|0:1 5|3:7 7|49:1 1|34:9 5|92:10 6|4:6 5|37:4 2|66:7 10|98:8 8|56:1 10|5:7 8|75:6 9|83:4 1|25:7 2|65:3 10|0:6 7|58:5 2|21:6 3|68:9 8|7:4 7|40:3 9|67:10 5|76:2 6|71:5 7|26:4 4|49:6 8|24:3 3|93:2 7|49:8 5|87:2 10|22:1 4|11:5 1|66:10 7|39:4 5|51:4 10</relation>
		<relation arity="2" defaultCost="infinity" name="R3" nbTuples="100" semantics="soft">86:2 8|29:6 1|76:1 1|68:10 4|20:3 10|11:5 10|94:10 3|50:10 8|44:1 6|16:1 7|3:9 10|59:9 5|23:6 3|68:9 9|62:7 10|30:10 7|72:3 7|31:2 3|9:7 2|63:8 2|73:6 6|88:6 8|7:9 8|40:5 3|76:7 6|79:8 7|5:3 8|64:1 9|99:1 3|81:4 7|55:8 6|72:3 1|31:4 10|16:2 7|30:6 2|46:2 9|78:5 1|44:5 6|29:8 4|38:10 9|65:3 4|59:7 3|87:9 7|71:7 7|70:7 1|20:1 8|48:10 6|12:7 5|83:8 3|82:5 8|7:6 5|39:8 8|56:4 9|76:7 4|17:3 3|49:5 4|77:5 2|35:7 9|48:2 1|50:2 6|45:7 8|38:1 5|86:4 6|97:4 8|27:3 2|14:10 10|38:5 9|86:8 1|49:9 2|30:10 5|38:4 2|12:2 4|67:2 5|16:4 1|85:9 3|11:4 4|39:3 9|19:2 2|75:1 4|15:10 1|99:3 6|74:5 5|63:8 10|90:10 2|28:8 9|80:6 10|59:6 4|22:6 7|20:8 5|14:9 6|34:3 5|14:4 5|92:4 3|9:9 4|55:2 10|37:5 7|10:6 9|3:1 10|52:1 2|92:9 1</relation>
		<relation arity="2" defaultCost="infinity" name="R4" nbTuples="100" semantics="soft">21:4 5|82:6 8|58:2 8|94:6 1|75:1 3|81:5 5|37:3 2|97:2 6|46:5 3|60:8 10|18:10 2|45:6 3|85:8 4|99:3 5|29:7 9|98:6 6|98:7 5|98:9 1|98:3 8|96:2 9|41:4 8|40:3 7|99:9 4|33:9 5|53:4 6|9:1 10|75:9 7|39:7 6|37:5 7|65:1 7|98:7 3|7:8 8|26:10 9|28:6 10|77:4 2|23:8 5|96:8 1|34:6 4|22:4 10|96:5 4|97:5 10|3:8 6|73:4 4|52:2 7|49:10 7|72:9 2|58:10 4|97:5 1|68:2 5|57:9 8|56:4 1|57:1 6|97:2 1|81:1 2|63:6 9|95:5 9|65:3 9|12:10 3|76:1 8|41:2 10|57:10 8|64:5 6|74:8 3|31:7 10|11:3 1|43:5 8|75:2 4|46:6 5|80:7 7|98:1 1|73:9 3|31:9 9|38:6 7|23:4 7|74:2 3|51:1 4|13:1 5|32:3 6|96:4 9|42:9 6|19:7 2|83:7 4|92:8 7|79:10 5|43:9 10|49:8 9|45:4 3|51:10 10|49:6 2|46:2 2|73:1 9|64:10 1|63:5 2|66:3 4|23:8 2|34:3 3|78:10 6|41:7 1|53:7 8|1:3 10</relation>
		<relation arity="2" defaultCost="infinity" name="R5" nbTuples="100" semantics="soft">77:5 5|38:7 3|91:9 3|82:5 1|66:5 7|58:1 7|0:4 4|25:6 3|51:9 8|50:9 1|13:1 1|87:7 6|41:4 10|78:3 2|61:9 4|25:8 2|33:3 5|19:3 9|34:2 10|13:4 1|32:1 3|86:7 10|4:6 1|8:5 10|97:1 8|61:3 3|33:4 8|47:3 1|28:2 4|86:7 9|68:1 10|17:2 5|1:10 3|91:10 9|81:7 2|6:3 7|45:4 5|86:1 5|6:2 8|51:2 2|3:10 5|65:6 10|97:9 10|30:1 4|81:5 6|72:8 9|61:6 2|62:10 7|64:2 7|81:6 8|94:8 3|29:1 2|83:8 6|92:9 5|40:10 1|62:6 6|6:8 7|86:9 2|58:10 8|51:4 9|50:3 8|49:10 10|43:6 5|29:5 2|71:2 3|25:8 4|18:9 9|68:6 4|25:7 7|17:10 4|81:3 6|69:4 7|91:7 5|83:1 9|8:8 5|3:7 4|74:8 10|94:9 7|66:2 1|39:9 6|34:6 9|58:2 6|65:5 3|33:2 9|16:5 8|47:4 6|80:10 6|65:4 2|65:5 9|90:8 1|15:1 6|8:6 7|81:3 10|18:7 1|13:5 4|4:7 8|20:4 3|62:3 4|25:10 2|74:8 8</relation>
		<relation arity="2" defaultCost="infinity" name="R6" nbTuples="100" semantics="soft">28:1 1|75:10 2|84:9 10|31:3 9|11:9 7|30:2 10|1:2 9|77:9 5|23:9 1|40:3 8|82:8 2|38:10 7|43:8 7|60:2 1|22:6 4|73:8 5|97:9 2|0:5 2|7:6 2|13:9 4|86:7 5|73:4 9|85:1 8|17:4 3|52:4 4|57:7 10|1:4 1|8:3 3|94:10 4|57:9 3|69:7 3|75:3 4|83:3 1|78:1 5|4:2 8|74:10 8|40:1 10|43:10 3|32:6 5|68:9 6|71:3 6|92:10 9|98:3 2|43:3 5|58:2 6|7:6 3|82:10 1|80:8 9|46:7 8|15:10 10|46:4 2|91:1 4|27:6 1|88:3 7|84:6 7|21:7 6|69:4 10|59:8 3|55:6 8|22:2 2|46:8 1|47:4 7|87:7 1|58:8 6|15:1 9|71:7 4|81:1 6|24:5 1|96:3 10|14:7 9|46:5 9|66:8 8|67:6 9|41:7 2|99:5 6|36:7 7|73:4 6|68:5 7|79:4 5|79:6 10|21:6 6|13:8 10|5:1 2|59:10 5|18:5 4|77:5 3|5:8 4|8:2 3|49:9 9|62:2 7|96:1 3|56:2 5|24:5 10|3:1 7|70:9 8|96:5 8|36:5 5|95:4 8|82:2 4|71:10 6</relation>
		<relation arity="2" defaultCost="infinity" name="R7" nbTuples="100" semantics="soft">25:4 3|17:5 5|30:7 4|58:7 2|36:3 1|81:6 1|68:6 2|34:3 8|35:3 10|79:10 8|90:5 2|78:10 9|38:6 6|23:10 5|80:2 3|4:3 2|90:4 8|3:2 8|77:8 3|97:5 6|15:9 2|76:2 10|90:4 4|56:6 4|14:10 1|25:1 6|41:7 10|0:10 2|60:2 6|52:7 1|20:7 9|65:8 10|51:3 5|53:1 7|84:9 1|37:6 10|83:3 6|87:5 1|74:9 8|65:1 4|19:5 9|85:4 2|98:10 10|42:10 6|17:4 5|15:2 5|72:3 9|99:2 4|11:6 3|37:7 3|41:8 6|50:10 3|2:4 9|42:1 3|24:4 7|56:2 1|76:8 9|56:9 7|44:4 1|46:9 9|4:3 7|19:9 3|0:7 5|1:5 10|19:6 5|59:5 4|80:10 4|85:4 6|56:8 1|83:7 6|10:2 9|11:2 7|26:5 8|37:8 4|70:10 7|39:1 1|1:5 7|68:8 8|96:7 7|27:9 10|43:1 9|36:1 8|31:6 9|22:4 10|82:7 8|76:3 4|29:1 5|48:9 5|78:1 10|74:2 2|31:8 7|98:5 3|54:1 2|67:6 8|20:8 5|51:6 7|58:8 2|67:9 6|10:3 3|37:9 4</relation>
		<relation arity="2" defaultCost="infinity" name="R8" nbTuples="100" semantics="soft">50:2 10|87:8 4|10:4 7|54:10 9|82:4 2|6:9 4|58:1 6|69:9 5|34:1 9|56:9 1|25:2 2|71:1 10|14:5 10|81:1 4|52:2 3|14:8 8|1:6 5|94:4 1|90:7 6|70:7 1|27:6 4|85:4 5|75:5 8|28:10 7|55:9 10|0:7 2|13:8 6|49:3 9|57:3 5|81:6 7|99:4 6|37:3 4|84:1 2|99:5 2|76:5 6|43:9 2|43:2 1|20:6 6|27:3 10|24:7 9|82:8 9|66:10 2|96:5 4|62:4 9|30:5 1|71:8 1|28:9 8|74:10 4|41:10 3|34:1 8|2:4 4|1:10 8|92:7 3|89:7 7|18:7 5|20:5 5|84:5 7|34:1 7|36:3 6|66:3 7|7:3 1|23:2 8|0:9 7|79:10 10|4:10 5|51:1 5|86:6 1|26:5 3|69:2 5|61:10 1|91:3 8|84:1 3|77:8 10|38:6 8|48:4 3|94:8 3|36:4 8|58:6 2|56:1 1|51:9 9|32:7 4|57:2 4|1:6 10|84:7 8|72:10 6|53:7 10|46:2 7|91:8 2|20:6 9|96:9 6|88:2 6|15:8 7|14:6 3|64:8 5|50:3 2|10:9 3|31:5 9|80:4 10|94:2 9|40:3 3</relation>
		<relation arity="2" defaultCost="infinity" name="R9" nbTuples="100" semantics="soft">80:5 10|42:2 5|49:9 7|81:3 10|14:1 4|96:3 1|66:4 10|45:6 7|12:2 6|1:10 10|25:5 3|56:9 5|11:3 9|99:5 9|67:1 7|29:10 2|72:3 8|2:10 6|50:8 8|84:9 10|13:3 3|57:6 4|59:7 2|59:2 3|35:1 6|59:7 9|75:3 7|52:8 10|54:10 8|27:10 1|8:1 1|47:9 6|76:4 7|88:4 1|20:3 6|22:6 5|83:4 4|81:2 8|83:9 1|5:7 4|22:10 9|85:7 8|16:6 6|44:5 4|78:10 5|31:2 1|42:1 2|21:1 10|36:4 3|33:6 3|35:8 6|18:7 5|67:2 7|19:2 9|52:1 3|32:6 10|5:1 9|97:3 2|13:7 6|76:5 7|56:10 3|82:9 9|54:2 10|58:8 1|65:8 4|67:5 8|40:7 1|72:9 2|1:8 2|32:8 7|46:3 4|86:8 3|67:7 7|49:8 5|14:6 8|74:2 2|76:4 6|17:5 2|20:2 4|10:9 8|25:4 8|96:8 9|7:3 5|38:4 2|76:5 1|19:4 9|39:7 10|64:6 2|43:9 3|62:10 4|6:10 7|93:6 1|11:1 5|98:9 4|56:6 9|18:7 3|90:5 5|23:4 5|77:5 6|18:1 8</relation>
		<relation arity="2" defaultCost="infinity" name="R10" nbTuples="100" semantics="soft">73:3 9|34:7 6|24:4 4|61:5 2|10:3 1|94:6 8|81:9 6|63:1 5|41:8 6|73:10 7|2:4 2|94:7 2|28:3 3|20:4 5|55:5 7|38:5 5|53:6 1|17:3 8|90:10 1|14:4 3|3:6 2|72:8 2|38:1 3|20:3 6|26:10 3|84:2 10|4:7 9|47:9 7|21:10 6|35:8 10|91:7 4|15:7 7|2:7 3|21:8 1|41:9 4|69:1 2|23:5 4|42:5 10|34:5 8|60:1 8|7:2 7|91:6 5|61:10 8|79:7 10|97:5 1|40:2 4|53:3 5|27:3 2|43:9 2|27:2 8|32:7 1|84:9 5|78:6 4|52:9 9|43:8 7|48:3 7|58:5 6|5:6 9|21:7 5|61:2 9|39:1 6|30:1 4|76:10 2|37:10 10|0:6 7|21:8 4|4:9 8|66:6 6|76:2 1|65:10 5|68:5 9|0:6 3|65:8 3|63:3 4|98:1 10|18:4 10|92:6 10|72:2 2|89:2 3|87:8 8|75:1 9|57:2 5|64:2 6|47:8 9|54:10 9|77:4 8|35:5 3|99:4 1|87:4 7|84:3 10|6:1 1|63:7 8|34:4 9|22:1 7|76:9 1|17:9 10|70:9 3|6:4 6|28:10 4|38:8 5</relation>
		<relation arity="2" defaultCost="infinity" name="R11" nbTuples="100" semantics="soft">66:6 8|32:5 4|42:2 7|18:7 8|96:10 2|89:3 3|64:9 9|53:1 2|47:1 6|54:5 7|41:6 6|10:3 10|87:6 5|19:1 7|75:5 2|90:4 8|7:9 3|56:8 2|45:6 10|35:1 3|50:8 6|82:10 7|26:1 4|6:10 3|84:8 5|81:6 4|71:8 10|3:3 4|45:7 3|75:6 9|18:3 6|34:2 10|12:10 5|69:4 9|89:2 8|61:1 1|35:10 8|69:6 2|17:1 8|51:7 9|44:10 10|4:10 1|92:9 2|17:4 2|2:2 9|78:3 9|58:6 3|70:7 1|53:7 7|57:10 4|24:7 6|99:8 1|85:2 1|13:5 8|54:4 7|16:9 6|45:2 3|48:4 4|50:6 1|60:7 2|22:5 9|31:6 7|37:10 9|24:8 7|29:1 5|51:2 5|1:3 8|24:1 10|68:7 5|91:9 7|60:2 6|61:3 5|99:5 10|11:3 2|34:8 8|57:9 4|76:4 1|52:9 5|70:4 5|59:9 1|48:10 6|85:4 6|85:7 4|31:8 3|78:8 4|98:2 2|60:7 10|87:5 6|44:1 9|35:8 9|43:4 3|24:5 3|54:2 4|89:5 1|66:3 1|74:9 8|14:3 7|59:5 5|95:9 10|62:4 10</relation>
		<relation arity="2" defaultCost="infinity" name="R12" nbTuples="100" semantics="soft">5:1 4|23:1 8|32:9 3|24:3 4|76:7 5|46:5 2|91:3 6|38:4 7|51:7 1|94:2 7|91:6 9|94:2 8|72:10 5|4:4 3|26:7 2|17:9 1|88:8 1|84:9 10|89:3 2|49:4 2|6:9 4|67:4 10|90:3 7|27:2 2|15:5 3|56:6 10|99:6 5|52:5 7|66:3 3|62:3 5|9:1 3|21:4 1|47:1 7|36:8 6|31:6 8|55:6 1|84:4 5|73:9 6|24:7 7|20:10 4|89:3 8|16:3 9|26:10 10|99:9 5|99:5 4|64:10 6|7:1 5|71:10 3|37:4 6|62:5 8|10:1 6|2:10 8|78:7 9|20:2 3|49:7 8|94:1 2|3:6 4|30:10 7|22:9 8|19:2 6|69:5 5|36:4 9|78:7 4|47:8 9|8:1 10|52:5 1|30:10 2|26:2 1|43:3 10|48:2 5|85:6 3|49:6 2|33:10 1|62:1 1|16:7 10|87:4 8|43:8 2|53:8 5|6:9 2|10:3 1|3:7 3|48:8 3|53:9 9|5:10 9|26:7 6|80:8 7|42:9 7|43:2 9|12:8 10|39:5 10|68:4 4|37:5 9|62:5 6|53:8 8|27:1 9|92:6 7|17:8 4|2:2 10|50:6 6|15:2 4</relation>
		<relation arity="2" defaultCost="infinity" name="R13" nbTuples="100" semantics="soft">26:10 7|61:2 1|40:9 8|61:10 1|26:8 4|83:4 2|21:7 7|88:8 6|52:1 10|27:8 9|89:2 7|23:7 10|82:10 9|26:10 6|28:2 4|66:8 5|31:5 4|38:5 2|13:6 7|70:9 2|0:10 3|95:5 8|37:3 1|72:6 8|99:9 10|95:1 2|97:4 3|45:6 5|35:6 9|18:1 8|5:3 6|25:6 10|18:8 3|68:4 1|75:10 4|34:1 3|6:7 5|83:3 4|96:4 4|65:3 3|8:2 8|82:6 3|40:7 3|7:4 9|63:7 6|70:4 6|16:8 8|61:2 5|86:3 8|44:3 5|31:3 9|73:3 7|38:5 6|82:2 10|95:10 8|40:6 2|79:9 5|65:5 9|27:1 7|12:5 5|37:1 5|92:6 1|46:10 10|42:6 4|62:9 9|38:4 7|35:5 7|62:1 6|78:4 5|9:10 5|82:7 4|31:5 10|23:2 2|79:8 7|24:3 2|34:9 7|57:5 1|72:9 3|60:4 10|93:9 6|59:2 9|85:2 6|37:1 4|48:8 1|57:7 8|92:5 3|77:4 8|3:1 1|66:3 10|4:7 2|99:2 3|29:8 2|50:8 10|67:9 1|15:9 4|16:10 2|2:1 9|51:7 9|96:7 1|44:6 6</relation>
		<relation arity="2" defaultCost="infinity" name="R14" nbTuples="100" semantics="soft">44:3 8|96:3 2|6:4 7|29:10 7|19:2 7|41:5 1|25:10 8|41:8 7|25:4 8|64:3 4|73:4 4|51:5 7|51:8 5|28:2 9|96:7 1|97:4 10|15:10 9|52:5 5|73:5 8|8:1 5|40:1 1|42:5 9|48:7 2|53:4 3|64:4 9|41:5 10|21:8 8|86:10 2|83:8 3|76:9 5|69:3 7|2:6 4|40:2 8|50:5 6|51:8 6|38:2 2|88:2 3|18:8 2|20:1 2|86:9 4|96:6 6|56:7 4|11:6 8|5:10 1|5:10 3|35:9 7|2:9 6|83:2 5|65:4 2|41:2 10|99:7 6|64:1 10|25:9 3|87:6 10|22:3 10|52:5 3|79:9 8|38:1 8|8:5 2|45:6 1|92:2 6|12:6 3|60:7 8|31:2 4|90:3 3|53:8 1|11:8 9|78:10 10|46:1 6|31:6 5|71:7 3|54:1 7|55:1 4|2:9 9|9:2 1|5:6 7|7:8 4|8:10 6|31:10 5|63:6 9|48:10 4|20:1 9|99:9 10|12:6 2|60:3 1|94:7 7|86:9 2|85:1 3|74:4 1|71:3 6|0:7 5|1:3 9|96:7 10|80:8 10|77:7 9|11:4 5|84:9 1|54:5 4|56:3 5|76:4 6</relation>
		<relation arity="2" defaultCost="infinity" name="R15" nbTuples="100" semantics="soft">57:3 9|10:8 9|14:9 1|62:9 5|54:8 10|88:6 7|6:6 9|85:2 9|24:4 3|78:3 3|7:5 4|10:1 7|51:8 4|55:1 10|19:5 8|42:7 2|80:3 10|50:9 4|25:4 8|0:9 10|49:2 4|2:8 6|83:6 10|99:2 7|44:10 6|56:4 2|94:9 2|24:9 9|82:6 1|96:7 5|80:4 5|68:10 7|60:7 10|61:2 5|87:3 6|37:2 3|7:5 5|63:2 1|12:5 3|14:4 7|62:2 6|42:5 1|9:4 4|87:7 7|48:1 2|78:6 8|24:4 10|41:1 8|12:9 8|28:7 4|48:10 8|44:9 7|70:6 5|49:3 7|52:7 3|25:8 8|50:10 10|53:7 9|29:3 8|61:10 9|64:6 2|75:2 2|90:8 2|45:8 3|60:9 3|8:1 9|78:4 6|68:10 1|22:3 4|19:1 1|47:2 10|33:5 2|22:1 4|8:5 6|41:3 2|69:6 6|21:10 2|39:8 7|74:6 3|66:7 1|61:3 5|50:2 8|15:1 5|37:7 8|11:4 9|44:10 4|90:5 9|77:8 1|3:10 3|85:1 3|27:9 6|27:1 6|75:5 10|57:6 4|84:4 1|38:10 5|55:3 1|30:5 7|57:7 6|21:8 5</relation>
		<relation arity="2" defaultCost="infinity" name="R16" nbTuples="100" semantics="soft">9:6 10|30:1 4|35:5 9|53:8 7|43:8 5|82:7 10|20:10 8|74:9 4|17:6 7|30:7 6|6:1 6|40:4 7|92:10 9|89:5 4|13:3 7|78:8 1|4:5 6|24:7 3|92:4 1|77:8 10|78:9 9|89:5 5|99:4 10|51:5 1|39:5 8|59:1 9|76:9 6|96:6 3|10:2 3|14:3 4|56:10 4|75:5 2|82:6 8|23:8 9|38:2 5|44:1 1|30:6 1|85:9 2|99:7 1|3:1 7|13:10 10|73:5 7|82:8 4|15:7 4|58:3 1|34:10 5|83:3 10|66:7 5|63:8 3|31:9 5|39:10 2|44:2 4|16:2 6|2:6 4|36:4 6|37:9 7|52:4 8|13:4 3|38:6 9|99:5 3|39:3 2|72:4 4|41:1 2|58:3 9|63:10 1|52:6 2|15:1 10|27:3 8|48:9 10|0:7 9|50:2 2|35:4 5|30:6 5|53:8 6|92:8 8|18:1 8|37:3 3|20:1 5|89:3 5|81:4 9|59:10 7|37:2 7|29:2 8|10:10 6|74:2 1|71:7 2|32:7 7|25:6 6|92:2 10|1:7 8|54:10 3|66:2 9|85:1 3|14:3 6|29:8 2|19:5 10|72:9 8|31:4 2|15:9 3|92:9 1</relation>
		<relation arity="2" defaultCost="infinity" name="R17" nbTuples="100" semantics="soft">11:2 1|57:4 7|86:6 7|69:3 5|77:9 4|11:6 2|51:5 4|76:5 3|0:10 2|63:8 2|80:8 8|95:9 2|86:1 4|59:7 10|2:10 3|41:2 5|48:10 9|92:1 6|94:2 8|9:10 4|4:7 8|89:3 10|6:1 7|61:1 2|12:7 4|67:6 6|35:3 8|8:7 3|93:8 6|48:6 9|41:5 6|71:9 10|35:9 3|88:6 1|15:3 3|1:4 9|48:9 7|21:4 2|43:2 7|71:6 10|21:1 10|1:7 9|40:2 4|57:1 8|38:3 7|41:5 1|99:2 10|42:5 8|41:1 3|69:1 9|47:3 2|60:8 1|53:2 3|3:7 7|79:7 1|98:6 8|96:7 5|26:5 2|44:1 5|89:4 10|87:4 1|18:2 6|1:6 3|2:5 9|74:8 7|8:5 5|64:3 4|39:7 6|52:1 1|12:3 9|16:10 1|95:10 6|91:4 5|65:8 4|20:6 5|14:9 9|28:3 6|19:7 2|55:10 8|78:8 3|27:4 4|45:3 1|70:6 4|55:5 10|51:9 8|69:9 1|55:4 8|22:9 5|67:9 6|53:8 10|83:4 6|3:10 10|10:8 5|80:10 7|14:2 9|86:4 3|20:8 9|59:5 7|26:10 5|29:2 2</relation>
		<relation arity="2" defaultCost="infinity" name="R18" nbTuples="100" semantics="soft">29:5 8|34:3 10|79:6 4|83:2 5|68:6 8|86:1 2|47:3 1|28:7 7|30:9 8|40:6 10|61:2 6|48:2 3|44:4 1|46:8 9|45:3 4|91:10 7|85:6 1|75:9 9|19:9 10|60:10 9|54:2 9|95:1 10|33:7 4|58:9 7|23:5 4|29:10 2|65:4 5|63:7 3|5:8 2|72:7 2|32:9 2|92:1 7|35:1 6|58:5 1|64:7 10|19:3 3|29:6 3|58:4 7|12:8 3|56:7 1|29:8 7|76:6 7|61:9 5|26:2 2|86:8 10|34:4 10|4:5 9|50:1 8|7:8 8|67:8 5|3:10 4|15:9 3|87:5 7|50:4 3|54:9 4|26:10 5|17:1 5|80:2 8|20:7 9|72:4 4|85:7 6|28:6 6|28:10 6|93:1 4|42:5 10|47:4 9|59:5 3|34:3 5|47:5 2|80:8 4|78:9 1|54:8 1|80:2 10|43:6 5|80:4 2|10:10 1|21:1 1|49:10 8|46:5 5|86:3 7|76:10 3|96:7 5|77:2 1|59:3 9|61:3 6|32:2 7|94:4 6|56:4 8|24:7 8|27:5 6|63:10 10|83:6 2|75:1 9|8:3 2|58:8 6|65:3 8|85:9 6|64:6 9|68:1 3|7:2 4</relation>
		<relation arity="2" defaultCost="infinity" name="R19" nbTuples="100" semantics="soft">33:6 1|34:7 7|29:9 4|50:9 1|4:5 2|83:10 8|11:5 7|39:6 10|46:10 9|96:9 5|7:8 4|63:3 1|36:6 5|49:2 1|96:3 7|77:3 8|11:2 8|65:1 5|70:5 1|71:6 8|75:2 9|87:9 10|39:6 4|63:6 7|28:7 9|76:4 8|52:1 4|79:6 9|66:5 8|51:4 4|90:1 2|93:5 4|35:8 8|2:5 9|43:1 1|2:10 7|70:3 4|1:4 3|22:4 10|77:5 6|0:8 10|7:1 10|18:7 4|84:10 10|27:7 3|84:10 6|29:2 7|56:1 6|96:7 6|66:4 7|76:2 6|66:4 2|65:3 10|44:1 7|27:8 3|94:4 9|85:5 5|2:5 3|84:5 10|73:3 9|79:3 5|36:8 1|76:8 5|98:7 5|20:1 8|68:8 6|54:2 4|36:2 5|94:8 9|72:1 9|53:8 2|96:2 10|40:2 3|58:9 2|76:10 4|12:7 10|92:3 2|32:10 1|39:10 5|9:7 8|90:6 3|67:7 2|38:1 3|59:4 5|31:4 6|52:9 7|86:9 6|91:10 3|29:2 2|23:6 6|70:7 1|70:4 1|35:10 2|58:6 2|95:3 6|79:9 8|99:9 9|28:8 7|30:9 3|34:3 3</relation>
		<relation arity="2" defaultCost="infinity" name="R20" nbTuples="100" semantics="soft">44:2 9|26:6 8|99:2 3|28:2 6|41:2 1|79:7 5|10:4 9|42:9 8|4:5 5|21:9 5|76:10 4|70:1 2|11:5 6|17:8 6|17:3 4|20:10 3|71:1 4|45:6 1|9:7 1|72:5 2|18:7 8|65:9 9|47:2 7|31:9 3|16:6 9|95:7 7|59:4 10|63:1 9|51:4 6|77:7 4|24:10 7|32:8 8|51:2 4|78:3 8|12:5 1|85:8 5|45:3 5|59:8 7|6:2 2|56:8 10|60:3 1|25:1 3|90:3 7|83:4 4|28:6 3|60:8 2|96:9 6|42:3 6|75:5 4|60:6 7|97:1 10|18:4 3|41:7 10|98:8 4|90:8 3|12:10 2|26:8 1|82:5 9|22:2 8|45:5 8|15:4 7|41:2 5|44:5 10|59:9 1|12:7 9|56:8 9|82:10 10|36:10 5|44:10 1|72:6 5|56:1 1|2:7 2|11:6 10|14:9 7|25:6 6|73:4 1|33:3 10|88:3 2|97:9 10|44:7 3|34:3 3|21:4 8|88:6 4|14:4 2|97:5 3|92:9 2|13:10 6|25:1 5|89:9 4|54:7 6|94:5 7|3:1 7|21:6 2|37:2 10|90:4 5|51:3 9|91:10 8|37:1 8|57:10 9|63:1 6</relation>
		<relation arity="2" defaultCost="infinity" name="R21" nbTuples="100" semantics="soft">37:10 3|6:8 5|89:5 8|47:2 3|1:9 1|90:2 8|31:9 2|94:9 6|97:1 10|25:4 3|53:3 8|23:5 6|47:8 1|1:4 6|75:4 2|83:9 8|96:7 8|97:1 8|37:10 1|70:6 5|83:9 10|98:7 10|44:4 5|36:10 7|16:1 7|8:5 7|79:4 10|72:10 8|2:1 3|13:8 8|28:6 1|89:7 6|49:2 9|6:6 10|73:4 1|19:3 2|13:8 9|46:8 7|23:5 4|10:2 1|14:2 2|73:6 4|55:10 9|85:7 9|79:5 1|76:7 4|33:9 4|52:4 8|70:8 3|74:3 5|91:9 9|59:5 9|62:4 4|95:4 9|40:7 5|26:3 6|88:3 10|29:2 5|69:8 6|54:5 10|93:10 10|63:6 7|70:9 7|23:4 7|25:8 2|17:6 8|75:5 2|6:3 7|23:1 5|58:1 4|87:10 2|34:7 1|22:7 3|78:7 7|19:7 2|3:2 10|60:8 4|56:10 5|59:10 6|41:3 9|28:3 3|92:9 3|34:2 6|81:3 1|70:2 7|56:10 4|98:6 2|9:9 5|33:5 5|82:6 9|83:6 6|31:5 3|30:2 4|81:1 9|16:8 10|50:1 2|77:1 1|89:6 3|8:3 4|32:1 6</relation>
	</relations>
	<GuiPresentation benchmark="RandomDCOP" density="50" domainSize="10" model="TKC" name="instance10" nbAgents="10" nbConstraints="22" nbTuples="100" tightness="0" type="DCOP" />
</instance>