<?xml version='1.0' encoding='UTF-8'?>
<instance>
	<presentation benchmark="RandomDCOP" constraintModel="TKC" format="XDisCSP 1.0" model="Simple" name="instance10" type="DCOP" />
	<agents nbAgents="10">
		<agent description="agent 1" id="1" name="A1" />
		<agent description="agent 2" id="2" name="A2" />
		<agent description="agent 3" id="3" name="A3" />
		<agent description="agent 4" id="4" name="A4" />
		<agent description="agent 5" id="5" name="A5" />
		<agent description="agent 6" id="6" name="A6" />
		<agent description="agent 7" id="7" name="A7" />
		<agent description="agent 8" id="8" name="A8" />
		<agent description="agent 9" id="9" name="A9" />
		<agent description="agent 10" id="10" name="A10" />
	</agents>
	<domains nbDomains="1">
		<domain name="D1" nbValues="10">1..10</domain>
	</domains>
	<variables nbVariables="10">
		<variable agent="A1" description="variable 1.1" domain="D1" id="1" name="X1.1" />
		<variable agent="A2" description="variable 2.1" domain="D1" id="1" name="X2.1" />
		<variable agent="A3" description="variable 3.1" domain="D1" id="1" name="X3.1" />
		<variable agent="A4" description="variable 4.1" domain="D1" id="1" name="X4.1" />
		<variable agent="A5" description="variable 5.1" domain="D1" id="1" name="X5.1" />
		<variable agent="A6" description="variable 6.1" domain="D1" id="1" name="X6.1" />
		<variable agent="A7" description="variable 7.1" domain="D1" id="1" name="X7.1" />
		<variable agent="A8" description="variable 8.1" domain="D1" id="1" name="X8.1" />
		<variable agent="A9" description="variable 9.1" domain="D1" id="1" name="X9.1" />
		<variable agent="A10" description="variable 10.1" domain="D1" id="1" name="X10.1" />
	</variables>
	<constraints initialCost="0" maximalCost="infinity" nbConstraints="20">
		<constraint arity="2" model="TKC" name="C0" reference="R0" scope="X1.1 X8.1" />
		<constraint arity="2" model="TKC" name="C1" reference="R1" scope="X1.1 X7.1" />
		<constraint arity="2" model="TKC" name="C2" reference="R2" scope="X1.1 X9.1" />
		<constraint arity="2" model="TKC" name="C3" reference="R3" scope="X1.1 X10.1" />
		<constraint arity="2" model="TKC" name="C4" reference="R4" scope="X2.1 X6.1" />
		<constraint arity="2" model="TKC" name="C5" reference="R5" scope="X2.1 X8.1" />
		<constraint arity="2" model="TKC" name="C6" reference="R6" scope="X2.1 X4.1" />
		<constraint arity="2" model="TKC" name="C7" reference="R7" scope="X3.1 X10.1" />
		<constraint arity="2" model="TKC" name="C8" reference="R8" scope="X3.1 X4.1" />
		<constraint arity="2" model="TKC" name="C9" reference="R9" scope="X3.1 X7.1" />
		<constraint arity="2" model="TKC" name="C10" reference="R10" scope="X4.1 X5.1" />
		<constraint arity="2" model="TKC" name="C11" reference="R11" scope="X4.1 X6.1" />
		<constraint arity="2" model="TKC" name="C12" reference="R12" scope="X5.1 X10.1" />
		<constraint arity="2" model="TKC" name="C13" reference="R13" scope="X5.1 X8.1" />
		<constraint arity="2" model="TKC" name="C14" reference="R14" scope="X6.1 X9.1" />
		<constraint arity="2" model="TKC" name="C15" reference="R15" scope="X6.1 X7.1" />
		<constraint arity="2" model="TKC" name="C16" reference="R16" scope="X7.1 X9.1" />
		<constraint arity="2" model="TKC" name="C17" reference="R17" scope="X7.1 X8.1" />
		<constraint arity="2" model="TKC" name="C18" reference="R18" scope="X8.1 X9.1" />
		<constraint arity="2" model="TKC" name="C19" reference="R19" scope="X8.1 X10.1" />
	</constraints>
	<relations nbRelations="20">
		<relation arity="2" defaultCost="infinity" name="R0" nbTuples="100" semantics="soft">53:8 4|80:6 5|12:1 2|44:3 2|92:9 2|78:7 4|70:2 3|25:1 10|8:10 6|73:3 8|33:5 4|41:9 7|53:2 5|3:2 1|82:6 9|4:8 6|87:7 3|67:8 9|50:9 8|28:5 8|32:10 10|22:4 4|70:7 5|74:9 5|16:8 10|98:5 10|21:3 10|43:4 10|43:8 3|79:2 6|46:4 7|11:6 6|56:7 7|56:7 2|77:8 5|2:3 5|87:6 4|17:9 10|92:2 10|13:7 8|22:10 5|2:7 6|47:5 1|66:4 3|74:6 8|95:5 6|89:2 9|24:1 8|97:5 3|46:4 9|83:1 5|93:1 6|66:10 4|52:1 9|52:3 4|51:2 8|97:1 4|92:6 2|23:4 2|93:2 2|0:3 7|67:7 9|87:4 1|86:3 1|3:5 9|62:3 3|2:1 1|37:1 3|57:10 3|98:5 5|86:8 7|51:7 1|13:4 6|99:6 3|48:8 2|4:10 1|44:3 6|90:3 9|8:6 10|15:9 4|99:10 8|43:9 3|45:5 7|44:4 5|63:8 1|35:9 6|9:10 2|82:4 8|23:1 7|97:5 2|86:10 7|98:7 10|62:6 1|14:8 8|52:10 9|39:2 4|87:9 9|63:2 7|0:9 1|33:6 7</relation>
		<relation arity="2" defaultCost="infinity" name="R1" nbTuples="100" semantics="soft">19:2 9|90:8 9|38:8 1|51:1 10|78:2 4|1:8 2|22:4 5|76:3 5|62:7 8|89:4 10|9:7 7|31:4 2|6:7 1|30:5 1|82:6 10|92:7 10|97:10 10|50:5 2|31:9 1|75:10 7|67:2 5|45:6 2|1:1 3|69:3 3|96:4 7|5:1 5|53:10 3|24:10 5|10:9 3|52:10 6|20:5 3|53:6 7|65:3 10|37:4 4|77:4 6|93:1 8|67:6 1|92:2 8|16:10 4|34:8 8|85:10 8|43:5 4|14:9 9|29:2 6|25:2 10|2:9 8|95:10 9|90:1 9|1:8 6|35:4 9|41:2 2|50:8 4|85:9 10|40:3 1|55:8 5|42:7 4|14:5 8|87:5 5|67:1 1|35:6 3|70:4 1|91:6 5|80:4 8|1:3 6|68:7 2|22:5 10|20:3 8|98:9 5|9:9 6|30:6 8|21:3 4|71:1 2|1:2 1|76:5 6|21:10 2|11:2 7|91:2 3|0:1 6|49:3 7|76:5 9|25:7 6|51:10 1|2:8 7|9:5 7|77:6 6|33:7 3|60:3 9|55:9 2|35:9 4|88:6 4|12:7 5|29:7 9|72:8 10|89:3 2|92:8 3|5:9 7|51:1 7|52:1 4|99:4 3|87:6 9</relation>
		<relation arity="2" defaultCost="infinity" name="R2" nbTuples="100" semantics="soft">20:7 4|30:3 5|60:6 5|13:1 8|16:5 7|14:10 10|31:6 7|46:9 8|3:7 7|58:9 7|44:9 6|86:4 4|1:8 7|13:3 3|2:2 9|96:4 5|29:4 2|61:7 9|0:9 2|69:4 1|3:10 3|0:10 9|44:1 7|43:6 8|68:10 4|61:8 5|68:2 2|17:7 3|9:2 3|7:1 3|50:7 1|75:6 9|66:1 2|51:5 5|32:8 4|7:3 8|8:6 2|15:3 1|34:6 10|61:9 10|26:5 2|4:2 10|87:10 1|74:4 8|84:6 3|76:6 1|67:2 6|33:2 4|53:7 5|96:8 6|60:10 5|63:3 2|8:2 5|56:5 9|49:8 8|27:8 1|72:5 1|23:3 4|42:3 10|55:7 10|85:2 1|94:8 3|53:6 4|92:9 3|34:3 6|50:7 6|34:10 8|65:10 2|29:9 4|43:1 1|0:5 3|58:1 4|99:1 10|40:4 7|90:1 6|17:7 8|44:7 2|57:10 6|60:4 6|10:5 8|83:5 6|29:1 5|6:8 2|57:4 9|62:10 7|40:5 10|93:4 10|87:3 9|28:8 9|32:2 8|27:9 1|90:5 4|96:4 3|86:1 9|8:6 6|55:8 10|84:2 7|79:9 9|56:9 5|52:3 7</relation>
		<relation arity="2" defaultCost="infinity" name="R3" nbTuples="100" semantics="soft">46:10 3|55:2 4|63:6 2|55:1 2|75:6 3|91:9 7|49:2 7|90:1 6|18:5 3|3:9 10|87:4 2|47:7 3|2:4 9|23:8 2|48:4 10|46:9 2|61:8 1|12:3 6|13:10 4|80:6 5|95:8 6|97:2 6|97:2 10|55:9 1|81:1 8|65:3 4|26:10 10|78:5 1|65:8 8|78:1 9|88:10 1|29:3 9|66:6 6|14:2 5|43:1 1|90:10 2|3:3 2|34:7 10|16:3 1|61:7 6|25:9 4|59:4 8|80:6 7|9:9 5|58:5 7|17:4 5|49:5 8|2:1 7|38:3 7|16:5 6|29:7 2|84:10 6|7:4 1|69:7 7|20:8 3|59:5 5|73:4 3|27:7 1|78:7 8|6:9 8|48:5 10|89:8 5|73:1 3|92:6 9|8:1 5|93:10 8|44:2 2|85:4 7|1:7 5|43:2 8|31:5 4|29:3 5|46:6 10|38:6 1|66:9 6|35:5 9|22:6 4|65:3 8|78:2 9|0:4 6|91:7 9|27:3 10|85:10 5|82:10 9|1:1 10|11:6 8|66:4 4|43:2 3|24:9 3|41:10 7|54:7 4|44:1 4|87:8 4|85:2 1|31:9 9|34:8 7|67:8 10|62:3 3|17:5 2|51:8 9</relation>
		<relation arity="2" defaultCost="infinity" name="R4" nbTuples="100" semantics="soft">27:4 1|83:6 10|54:10 2|43:9 1|61:5 2|57:5 5|91:5 6|28:7 1|44:5 9|43:6 1|56:4 3|14:1 1|73:4 4|25:4 7|59:9 4|27:8 9|56:8 2|28:9 2|16:6 3|54:8 6|34:5 8|14:8 10|14:10 5|88:10 3|94:10 4|36:2 6|97:3 9|67:9 8|45:5 3|59:7 4|57:10 6|13:3 2|66:1 9|19:6 4|30:9 9|10:8 4|51:6 9|46:5 10|29:4 8|22:2 8|55:9 10|66:8 8|88:7 8|61:6 6|14:3 3|50:2 5|85:7 7|67:10 8|57:2 10|13:7 5|69:8 1|40:4 9|38:1 7|33:7 3|85:6 7|60:6 2|96:3 4|97:2 2|7:3 10|50:4 6|72:2 9|69:1 8|68:7 2|25:8 7|90:3 8|83:5 4|4:9 3|44:2 7|2:5 1|39:4 5|86:2 4|36:10 9|10:3 1|51:1 10|9:1 5|55:1 2|98:1 3|32:3 7|28:1 4|18:9 6|64:7 10|20:3 5|78:7 6|40:8 5|49:9 7|61:10 1|11:3 6|9:6 5|50:4 10|40:8 3|39:10 7|5:10 10|68:9 5|6:7 9|56:5 7|58:4 2|83:1 6|34:2 1|69:2 3|7:6 8</relation>
		<relation arity="2" defaultCost="infinity" name="R5" nbTuples="100" semantics="soft">55:4 6|51:10 9|86:8 3|43:4 3|10:8 4|88:9 10|59:3 1|48:4 7|40:3 5|27:7 5|86:10 10|83:6 1|68:3 8|4:9 9|92:5 10|10:8 8|64:7 7|5:10 1|52:5 4|82:6 8|33:1 8|55:2 7|59:6 7|80:9 6|85:1 5|61:3 9|71:9 4|10:2 5|19:1 2|90:9 5|48:1 7|11:1 4|6:5 6|88:5 5|26:2 3|83:8 2|76:10 6|24:6 9|93:1 6|53:5 1|77:7 6|61:3 3|42:7 8|24:8 7|46:2 4|43:5 7|35:2 9|19:4 4|36:9 8|59:4 1|75:2 6|13:10 4|31:7 9|92:6 2|61:2 1|72:5 9|66:1 3|60:10 7|9:8 1|8:2 10|6:9 3|77:4 2|62:4 10|56:7 10|52:8 9|90:6 6|46:1 10|30:3 10|35:1 1|7:9 7|69:3 7|69:4 9|36:7 4|52:2 8|72:3 6|63:6 4|19:10 5|37:8 10|83:7 1|98:4 5|88:5 2|67:7 3|24:2 2|53:3 2|25:9 1|74:9 2|59:4 8|72:3 4|53:10 2|85:1 9|99:10 8|95:8 5|90:6 10|30:6 5|51:10 3|18:7 2|14:8 6|50:5 8|30:5 3|9:6 3</relation>
		<relation arity="2" defaultCost="infinity" name="R6" nbTuples="100" semantics="soft">99:1 5|77:8 4|34:7 7|82:6 10|55:7 9|73:7 5|81:7 8|72:3 6|10:5 1|18:4 6|71:4 7|65:2 2|61:2 5|55:1 3|65:4 9|82:3 9|43:8 7|48:4 2|95:4 5|10:5 9|95:8 10|4:9 6|52:5 4|34:7 1|16:10 2|1:9 9|14:10 4|0:5 8|60:2 8|1:9 1|40:10 7|54:1 8|47:4 3|87:6 9|78:3 2|97:9 10|96:6 3|11:6 6|59:10 6|25:4 8|5:3 1|26:1 2|38:7 10|32:5 3|86:6 7|54:7 2|81:10 5|95:3 8|98:3 3|3:4 1|76:2 10|3:2 4|89:2 9|54:2 1|94:4 10|51:2 6|84:3 7|39:2 7|16:8 5|78:9 8|1:10 8|27:8 9|38:3 4|20:5 5|72:10 10|8:5 7|5:8 6|92:5 10|59:7 6|94:6 2|51:8 2|99:10 1|74:1 10|12:7 4|58:10 3|32:5 6|93:4 4|65:10 9|6:1 1|87:2 3|64:1 9|9:6 1|60:5 2|62:7 3|68:8 8|34:3 5|13:8 1|7:1 7|39:8 3|11:9 2|38:6 4|17:9 3|72:9 4|93:3 10|75:9 5|45:6 5|61:9 7|29:6 8|71:1 4|20:1 6</relation>
		<relation arity="2" defaultCost="infinity" name="R7" nbTuples="100" semantics="soft">42:5 6|43:4 2|65:5 8|10:3 8|75:6 2|26:10 3|22:5 2|84:6 1|20:5 9|65:1 6|95:6 3|89:5 5|27:9 6|45:8 4|73:6 5|64:5 10|40:10 2|76:8 3|83:9 1|98:1 2|81:2 8|43:8 7|6:8 10|19:3 7|64:6 6|89:3 1|97:4 4|54:2 4|2:9 2|18:10 1|45:5 4|75:10 6|28:2 6|50:6 10|41:3 4|68:4 6|47:9 4|88:7 2|42:10 7|34:8 1|62:1 10|81:5 3|56:7 10|9:8 2|44:1 9|31:4 8|14:1 1|21:5 7|1:3 6|13:2 7|46:10 9|31:9 3|66:6 7|71:1 7|87:2 5|20:3 5|27:7 7|96:7 8|62:5 1|42:10 4|34:2 10|91:7 9|45:9 5|37:7 1|30:1 5|78:4 5|43:6 4|81:4 9|83:10 10|68:9 10|94:4 1|93:8 6|98:3 3|1:4 3|88:3 9|24:8 5|30:9 7|70:1 8|24:2 2|4:8 9|92:1 4|31:9 8|42:6 8|82:10 8|5:10 5|78:2 9|19:3 2|10:4 7|17:2 3|88:7 5|17:8 8|3:7 4|52:2 1|97:3 10|51:7 6|21:4 10|41:9 9|98:6 9|55:1 3|35:7 3</relation>
		<relation arity="2" defaultCost="infinity" name="R8" nbTuples="100" semantics="soft">75:9 4|78:10 3|0:5 5|2:2 7|40:4 2|22:6 5|41:4 6|59:3 10|52:7 7|82:5 10|85:9 5|19:9 7|74:2 6|98:3 7|83:10 6|3:8 8|41:2 3|40:8 3|79:6 8|55:6 1|5:5 1|53:6 7|67:7 9|13:3 6|25:4 10|59:9 10|54:8 2|64:1 8|52:6 9|75:7 8|72:10 9|58:8 9|19:5 2|77:8 7|30:3 3|11:8 10|22:3 1|83:9 6|6:2 10|4:10 8|40:4 1|65:1 9|62:1 6|3:8 1|68:5 8|36:5 9|62:4 5|37:1 5|66:7 3|19:5 4|73:4 9|66:6 6|68:2 8|40:5 7|57:4 3|73:8 5|69:2 4|94:10 7|12:10 1|32:9 3|58:4 4|79:1 7|54:6 2|39:7 5|35:5 3|74:2 1|26:9 8|29:1 3|85:9 9|28:4 8|11:8 4|87:9 1|57:1 1|49:7 6|44:1 4|63:2 5|54:3 5|40:10 4|8:2 2|8:7 2|88:3 9|38:10 10|72:9 2|21:7 10|71:5 6|91:10 5|31:1 10|57:6 4|13:6 3|35:2 9|68:6 10|24:8 6|89:1 2|86:7 1|23:3 2|4:4 7|58:3 8|54:10 2|64:7 4|91:3 4</relation>
		<relation arity="2" defaultCost="infinity" name="R9" nbTuples="100" semantics="soft">8:5 8|10:5 2|68:1 10|69:5 5|67:6 5|9:7 6|54:2 9|12:9 3|96:3 8|65:7 8|8:4 1|93:7 5|39:5 6|2:4 10|97:2 7|14:10 3|38:1 3|6:10 7|56:10 6|11:2 10|14:8 8|71:1 7|42:6 9|79:6 8|47:5 1|42:1 6|1:10 1|40:10 4|57:7 9|97:7 7|90:10 2|25:1 1|81:3 6|66:10 5|40:5 4|42:7 4|32:1 2|45:8 3|38:6 1|43:7 1|7:3 9|18:4 4|41:9 2|55:5 7|25:3 10|28:4 5|14:8 4|57:9 9|26:6 4|9:3 3|82:2 2|36:3 1|23:8 1|83:2 3|11:2 5|1:10 8|7:5 3|64:9 7|89:4 8|62:2 1|22:2 8|38:9 8|44:4 6|19:4 3|54:9 4|23:3 5|56:8 10|24:5 9|59:2 4|82:7 2|6:10 9|1:9 1|41:9 6|59:8 6|18:3 2|21:6 10|56:1 4|0:9 10|32:7 3|60:1 8|10:4 7|65:6 2|34:4 2|61:10 10|39:1 5|81:6 6|10:8 9|11:3 4|20:5 10|32:8 2|51:6 7|20:8 5|56:3 7|23:1 9|60:7 10|91:6 3|76:4 9|81:9 5|82:8 7|3:2 6</relation>
		<relation arity="2" defaultCost="infinity" name="R10" nbTuples="100" semantics="soft">92:2 1|50:6 5|49:2 9|53:6 6|26:7 6|44:8 8|78:6 1|52:9 3|67:7 10|92:6 4|29:4 5|11:8 2|46:4 8|7:9 5|98:3 9|60:4 2|2:8 3|58:1 6|98:3 8|39:3 7|34:10 8|31:1 10|9:8 7|18:10 4|82:6 3|19:8 9|72:7 1|86:10 1|74:2 5|36:2 7|91:9 8|74:3 5|15:7 4|55:2 8|92:1 1|68:5 9|46:8 1|52:5 7|75:1 2|26:4 3|44:9 6|3:5 1|48:2 10|38:10 2|16:6 10|0:4 9|9:4 10|38:9 1|14:2 4|55:9 7|86:4 7|3:4 6|15:9 4|82:5 6|81:10 7|89:5 5|30:5 4|19:7 9|39:8 6|77:6 2|79:7 2|69:1 9|13:3 10|55:5 8|62:6 9|28:9 10|61:9 9|55:8 4|14:10 5|93:1 3|86:10 10|64:1 7|22:10 6|69:9 2|19:3 2|29:3 1|31:3 3|19:3 6|59:8 5|53:2 6|73:6 8|44:4 1|54:10 9|85:2 2|3:7 8|69:5 2|9:4 4|35:2 3|11:1 5|57:7 3|8:7 5|55:1 8|64:3 4|28:7 7|50:5 3|72:1 4|67:10 3|81:8 10|63:5 10|64:6 7</relation>
		<relation arity="2" defaultCost="infinity" name="R11" nbTuples="100" semantics="soft">16:8 2|96:3 4|67:1 4|23:6 7|91:9 2|29:3 8|9:5 7|40:9 7|16:9 1|39:2 5|3:6 5|78:8 6|44:10 1|7:7 4|1:2 6|11:10 4|50:2 7|53:10 7|16:5 8|48:4 8|5:1 2|60:4 4|77:3 5|55:7 1|27:8 10|63:5 1|47:3 10|83:2 4|99:8 5|83:4 3|37:8 4|32:9 3|50:5 5|10:6 1|80:1 5|77:5 3|70:4 9|82:1 9|20:3 6|22:7 8|95:7 2|87:6 10|74:3 3|77:2 2|74:2 8|91:6 8|5:8 1|88:4 6|16:9 4|51:6 3|63:5 6|84:4 7|52:5 10|40:4 10|17:5 4|73:7 7|96:9 9|30:4 1|38:1 7|72:7 3|60:3 1|30:7 5|38:5 2|68:9 5|17:9 10|99:2 9|16:1 6|37:10 8|5:10 2|46:2 10|59:10 3|14:6 4|8:8 9|72:2 3|3:10 9|96:4 5|11:1 3|5:6 2|63:1 10|95:10 6|43:3 2|98:6 9|12:6 6|13:7 10|92:10 10|72:7 6|55:9 8|65:1 1|64:8 3|25:9 6|47:10 5|34:3 7|71:4 2|64:7 9|97:8 7|9:3 9|71:1 8|52:8 8|20:5 9|92:2 1</relation>
		<relation arity="2" defaultCost="infinity" name="R12" nbTuples="100" semantics="soft">23:9 4|13:9 10|4:3 5|86:7 3|70:8 10|54:8 6|95:10 4|72:10 5|21:6 4|28:9 5|57:5 8|8:10 9|15:9 2|55:10 2|2:1 8|23:5 2|93:4 1|91:8 4|60:1 5|52:2 9|9:5 3|26:3 4|31:9 8|44:4 4|74:7 2|72:1 6|0:1 1|39:9 3|43:2 8|46:5 4|8:4 7|19:6 5|85:7 8|27:6 10|96:1 3|46:8 1|61:2 10|32:10 8|97:8 2|96:1 9|83:1 2|98:8 5|53:2 5|84:2 1|28:9 1|47:4 8|55:3 8|90:9 9|25:6 2|39:2 4|32:2 7|84:5 9|13:3 3|46:6 8|85:5 6|74:6 9|17:1 4|41:4 9|91:4 5|91:2 3|85:9 7|91:6 7|22:8 8|65:8 9|69:7 5|74:7 4|92:4 10|90:10 7|27:1 10|5:6 6|3:10 1|64:5 7|13:8 3|2:4 3|6:5 5|54:7 7|54:3 2|80:2 2|75:7 6|16:4 6|35:10 6|31:4 2|27:3 6|96:8 7|26:3 1|74:3 7|18:10 10|61:10 3|29:5 1|89:7 1|43:7 9|48:3 10|54:7 10|22:5 10|60:6 1|3:2 6|74:6 3|46:3 9|73:1 7|2:9 6</relation>
		<relation arity="2" defaultCost="infinity" name="R13" nbTuples="100" semantics="soft">9:6 6|12:6 1|2:5 10|16:2 7|0:8 4|31:1 10|59:3 9|30:8 6|61:9 8|56:5 4|35:10 8|74:9 5|67:5 2|67:10 10|26:4 1|52:10 1|81:10 9|61:3 8|90:7 10|27:3 7|83:1 5|84:3 1|11:2 10|85:9 4|85:7 7|77:10 2|44:3 2|94:3 3|31:8 10|90:10 6|88:5 9|80:10 4|70:8 2|52:8 5|7:2 5|27:4 2|81:4 9|12:4 6|95:9 10|59:8 8|6:6 9|77:6 7|15:3 5|3:1 4|33:6 4|48:6 5|19:7 3|47:7 1|72:10 7|48:1 8|74:5 5|46:9 1|44:2 4|19:9 2|99:2 3|87:8 9|43:6 10|11:8 3|68:2 9|63:5 7|43:7 4|63:7 6|60:4 10|67:4 7|37:5 3|96:2 1|64:4 4|74:7 5|88:5 8|79:6 3|58:2 2|32:4 5|89:1 9|26:5 6|65:7 8|10:4 8|72:4 3|73:1 6|82:9 9|97:2 6|58:10 5|40:6 8|99:5 1|90:10 3|54:8 1|64:7 9|5:8 7|6:1 1|23:9 3|51:1 2|60:7 2|89:1 7|75:3 6|4:9 7|49:3 4|42:2 8|62:1 3|48:3 10|1:9 6|70:6 2</relation>
		<relation arity="2" defaultCost="infinity" name="R14" nbTuples="100" semantics="soft">37:6 10|30:9 10|37:3 10|96:1 5|73:6 5|46:6 3|28:9 7|38:3 3|26:4 2|3:7 10|50:8 1|73:2 9|20:3 6|91:5 4|99:10 2|11:7 1|19:8 6|84:3 2|4:8 4|88:9 4|4:7 8|44:2 8|18:9 3|40:9 9|4:6 1|52:4 4|78:9 8|81:3 4|6:4 6|34:2 4|23:5 3|38:7 7|21:6 9|94:4 3|42:6 8|67:5 6|90:10 8|2:4 10|33:2 10|7:4 8|95:1 3|95:2 6|63:8 7|63:7 6|20:9 2|55:2 5|9:2 7|92:1 4|25:4 9|14:1 6|88:10 6|39:10 7|9:7 2|27:6 7|19:7 9|73:9 1|47:1 1|84:1 2|10:9 5|10:10 1|43:8 2|17:3 8|5:6 2|86:10 4|48:1 10|57:6 4|95:4 5|11:5 1|61:4 1|42:10 10|1:7 4|32:5 8|94:9 6|4:8 5|13:3 9|76:1 9|98:1 8|74:2 1|97:5 9|5:4 7|86:3 5|61:2 2|65:5 10|81:10 5|14:8 3|94:6 6|52:3 1|9:5 7|84:8 9|77:3 7|71:8 10|42:5 5|8:7 5|98:10 9|11:1 7|47:8 8|7:2 3|52:10 3|32:7 3|23:5 2</relation>
		<relation arity="2" defaultCost="infinity" name="R15" nbTuples="100" semantics="soft">53:4 2|98:3 8|80:6 4|45:9 8|67:2 5|43:8 2|28:1 1|9:7 1|93:6 1|20:4 3|72:10 2|47:7 6|23:5 9|0:4 6|85:8 8|53:5 10|62:3 2|64:7 9|86:5 5|74:1 9|90:7 3|68:5 4|47:2 10|31:5 1|45:8 10|67:6 8|52:10 8|58:3 7|93:8 9|20:4 9|77:2 7|54:1 8|68:2 6|37:2 8|11:5 2|87:2 9|17:7 10|62:5 8|56:2 3|86:9 2|5:5 7|12:3 10|19:2 4|62:6 2|48:4 1|77:2 2|55:1 3|95:9 4|26:8 5|64:3 4|29:3 3|55:10 6|41:10 10|47:5 6|2:4 5|55:10 3|61:10 9|19:9 6|21:2 1|29:10 5|9:6 6|3:8 4|54:1 10|41:6 9|82:7 7|52:9 1|93:1 2|1:1 4|3:7 2|75:6 5|32:7 4|91:1 6|92:8 3|52:10 1|43:9 3|93:10 7|74:6 7|2:10 4|4:4 7|83:8 1|52:4 10|79:6 10|63:1 7|41:9 7|88:3 1|44:3 6|5:7 8|52:8 6|78:3 5|86:6 3|44:3 9|20:7 5|17:4 8|47:9 5|90:9 9|12:8 7|17:9 10|97:5 3|18:1 5|9:4 4</relation>
		<relation arity="2" defaultCost="infinity" name="R16" nbTuples="100" semantics="soft">26:5 3|22:9 7|40:6 9|92:5 6|70:10 4|19:3 1|97:1 2|2:7 4|9:4 8|65:1 1|58:1 7|2:5 2|37:3 6|64:7 8|26:1 10|69:2 6|98:8 10|80:6 8|16:2 5|81:3 5|16:1 6|11:8 9|8:10 10|85:5 8|45:6 4|55:5 1|98:10 3|40:4 3|7:6 3|3:1 8|29:1 9|59:9 8|1:3 10|23:7 2|37:5 5|81:4 5|83:5 9|15:3 8|74:9 2|98:2 2|81:7 1|11:5 7|48:3 4|61:3 3|41:5 4|84:7 3|27:2 3|32:6 2|95:7 9|88:5 10|51:3 9|57:10 2|77:4 10|6:6 6|72:9 5|80:3 2|20:10 1|26:6 10|12:2 4|75:2 1|59:9 10|6:1 4|20:10 9|60:1 5|0:8 5|88:4 2|54:6 1|18:1 3|69:3 7|84:4 9|3:4 1|98:2 8|98:8 2|65:10 5|72:8 4|43:8 7|97:8 3|12:10 7|53:2 7|6:7 10|21:8 6|2:7 6|82:10 6|40:9 6|72:7 7|40:9 3|25:7 5|1:9 4|84:9 1|95:8 1|49:8 8|74:10 8|74:2 10|3:6 7|19:4 4|74:4 6|52:9 9|57:6 5|31:4 7|59:2 9</relation>
		<relation arity="2" defaultCost="infinity" name="R17" nbTuples="100" semantics="soft">22:3 10|30:9 9|94:4 6|74:4 8|82:6 5|74:9 5|51:8 1|33:4 10|27:8 10|22:10 4|10:1 5|5:1 8|12:10 7|74:5 8|20:4 1|46:5 5|13:9 8|30:2 4|9:5 4|31:2 3|88:1 6|78:1 10|7:10 2|28:3 7|89:3 2|27:2 5|60:9 4|41:7 4|29:3 1|69:2 7|82:3 6|28:2 8|87:7 3|57:9 7|35:5 2|58:7 8|96:1 2|29:1 4|13:9 6|46:6 6|73:3 5|95:6 8|15:6 2|11:1 1|49:8 9|66:3 4|6:7 5|31:10 10|92:9 10|42:6 7|78:10 9|66:10 5|11:3 8|23:8 8|77:1 7|70:9 1|34:2 10|13:5 1|89:5 10|43:9 3|36:5 9|13:2 1|42:10 8|95:5 7|50:8 5|83:4 9|83:4 2|88:6 3|98:7 2|80:3 3|89:8 2|34:6 10|40:7 7|77:10 1|29:7 1|46:9 2|85:8 6|84:7 9|14:5 3|70:1 9|61:6 1|60:6 9|8:2 6|88:4 5|91:4 7|29:2 9|2:8 3|99:8 7|88:8 4|56:4 3|2:1 3|28:3 9|76:10 3|90:10 6|1:7 6|50:4 4|15:2 2|47:5 6|60:6 4|6:7 10</relation>
		<relation arity="2" defaultCost="infinity" name="R18" nbTuples="100" semantics="soft">51:10 5|20:6 1|16:5 5|64:6 6|88:4 5|68:2 4|13:9 9|93:10 1|16:10 6|5:6 2|80:4 8|65:3 3|57:5 6|76:4 10|37:1 9|4:4 6|47:2 5|14:8 4|91:10 3|12:9 5|52:1 8|50:8 3|79:7 1|59:7 9|69:3 6|61:5 9|35:5 4|8:10 7|82:8 9|69:5 3|84:7 5|65:1 7|23:6 8|55:1 1|75:1 10|73:5 7|2:8 1|67:2 6|69:6 4|8:7 6|56:3 2|47:10 4|87:2 3|21:2 7|54:10 10|81:2 9|82:6 10|3:9 6|32:4 4|63:6 5|94:2 8|33:8 7|33:10 2|34:4 2|78:8 2|46:3 4|18:2 10|17:1 6|79:9 4|26:10 9|19:6 7|16:6 9|36:3 8|15:7 10|94:3 5|27:8 6|93:1 3|86:1 4|94:3 10|41:4 9|42:9 10|54:5 8|39:4 7|7:8 5|15:9 1|21:8 10|92:2 2|41:1 5|82:7 3|32:4 3|17:7 8|53:10 8|35:9 7|51:5 1|31:7 2|95:6 3|54:2 1|35:5 2|85:7 7|52:8 8|1:3 7|81:9 8|30:9 3|7:1 2|9:4 1|35:7 4|89:9 2|12:5 10|52:3 1|6:3 9</relation>
		<relation arity="2" defaultCost="infinity" name="R19" nbTuples="100" semantics="soft">37:4 5|59:9 7|25:8 1|21:1 5|86:6 4|80:7 1|56:2 7|23:5 9|48:8 6|62:10 2|61:1 10|87:6 9|44:8 8|9:5 10|32:5 3|70:3 2|12:9 2|0:10 10|70:7 5|21:2 2|93:4 4|94:4 7|78:6 7|64:5 4|64:1 7|23:4 2|58:8 10|62:10 9|94:10 5|54:5 5|93:1 1|8:9 8|2:3 6|35:7 2|99:2 6|95:7 4|35:4 9|73:8 9|59:5 7|77:9 1|78:6 1|99:5 8|94:3 9|74:8 5|71:6 5|31:5 2|44:5 1|0:3 3|95:4 8|35:2 1|29:9 6|42:1 6|58:1 8|85:7 7|21:9 4|56:2 9|72:2 10|28:4 10|20:3 5|85:8 4|73:7 8|64:1 4|90:6 2|95:5 6|86:8 3|44:4 1|12:7 9|81:4 3|47:10 6|52:8 2|86:6 6|6:2 5|43:10 8|55:9 9|50:6 3|62:3 10|11:3 1|89:6 10|56:2 8|42:3 8|94:10 1|86:9 5|96:2 3|83:7 6|47:9 10|61:6 8|83:10 3|69:2 4|43:4 6|29:8 7|74:10 7|78:1 3|27:1 2|37:7 10|72:3 4|31:7 3|11:3 7|33:10 4|18:1 9|81:9 3</relation>
	</relations>
	<GuiPresentation benchmark="RandomDCOP" density="50" domainSize="10" model="TKC" name="instance10" nbAgents="10" nbConstraints="20" nbTuples="100" tightness="0" type="DCOP" />
</instance>