<?xml version='1.0' encoding='UTF-8'?>
<instance>
	<presentation benchmark="RandomDCOP" constraintModel="TKC" format="XDisCSP 1.0" model="Simple" name="instance10" type="DCOP" />
	<agents nbAgents="10">
		<agent description="agent 1" id="1" name="A1" />
		<agent description="agent 2" id="2" name="A2" />
		<agent description="agent 3" id="3" name="A3" />
		<agent description="agent 4" id="4" name="A4" />
		<agent description="agent 5" id="5" name="A5" />
		<agent description="agent 6" id="6" name="A6" />
		<agent description="agent 7" id="7" name="A7" />
		<agent description="agent 8" id="8" name="A8" />
		<agent description="agent 9" id="9" name="A9" />
		<agent description="agent 10" id="10" name="A10" />
	</agents>
	<domains nbDomains="1">
		<domain name="D1" nbValues="10">1..10</domain>
	</domains>
	<variables nbVariables="10">
		<variable agent="A1" description="variable 1.1" domain="D1" id="1" name="X1.1" />
		<variable agent="A2" description="variable 2.1" domain="D1" id="1" name="X2.1" />
		<variable agent="A3" description="variable 3.1" domain="D1" id="1" name="X3.1" />
		<variable agent="A4" description="variable 4.1" domain="D1" id="1" name="X4.1" />
		<variable agent="A5" description="variable 5.1" domain="D1" id="1" name="X5.1" />
		<variable agent="A6" description="variable 6.1" domain="D1" id="1" name="X6.1" />
		<variable agent="A7" description="variable 7.1" domain="D1" id="1" name="X7.1" />
		<variable agent="A8" description="variable 8.1" domain="D1" id="1" name="X8.1" />
		<variable agent="A9" description="variable 9.1" domain="D1" id="1" name="X9.1" />
		<variable agent="A10" description="variable 10.1" domain="D1" id="1" name="X10.1" />
	</variables>
	<constraints initialCost="0" maximalCost="infinity" nbConstraints="22">
		<constraint arity="2" model="TKC" name="C0" reference="R0" scope="X1.1 X3.1" />
		<constraint arity="2" model="TKC" name="C1" reference="R1" scope="X1.1 X6.1" />
		<constraint arity="2" model="TKC" name="C2" reference="R2" scope="X1.1 X4.1" />
		<constraint arity="2" model="TKC" name="C3" reference="R3" scope="X2.1 X7.1" />
		<constraint arity="2" model="TKC" name="C4" reference="R4" scope="X2.1 X8.1" />
		<constraint arity="2" model="TKC" name="C5" reference="R5" scope="X2.1 X9.1" />
		<constraint arity="2" model="TKC" name="C6" reference="R6" scope="X2.1 X10.1" />
		<constraint arity="2" model="TKC" name="C7" reference="R7" scope="X2.1 X4.1" />
		<constraint arity="2" model="TKC" name="C8" reference="R8" scope="X3.1 X5.1" />
		<constraint arity="2" model="TKC" name="C9" reference="R9" scope="X3.1 X9.1" />
		<constraint arity="2" model="TKC" name="C10" reference="R10" scope="X3.1 X8.1" />
		<constraint arity="2" model="TKC" name="C11" reference="R11" scope="X4.1 X9.1" />
		<constraint arity="2" model="TKC" name="C12" reference="R12" scope="X4.1 X6.1" />
		<constraint arity="2" model="TKC" name="C13" reference="R13" scope="X4.1 X7.1" />
		<constraint arity="2" model="TKC" name="C14" reference="R14" scope="X4.1 X8.1" />
		<constraint arity="2" model="TKC" name="C15" reference="R15" scope="X5.1 X10.1" />
		<constraint arity="2" model="TKC" name="C16" reference="R16" scope="X5.1 X7.1" />
		<constraint arity="2" model="TKC" name="C17" reference="R17" scope="X5.1 X8.1" />
		<constraint arity="2" model="TKC" name="C18" reference="R18" scope="X6.1 X7.1" />
		<constraint arity="2" model="TKC" name="C19" reference="R19" scope="X6.1 X9.1" />
		<constraint arity="2" model="TKC" name="C20" reference="R20" scope="X8.1 X9.1" />
		<constraint arity="2" model="TKC" name="C21" reference="R21" scope="X9.1 X10.1" />
	</constraints>
	<relations nbRelations="22">
		<relation arity="2" defaultCost="infinity" name="R0" nbTuples="100" semantics="soft">74:6 8|51:4 5|38:2 10|21:9 1|33:10 6|75:5 4|62:8 1|75:10 2|48:8 4|43:4 2|45:1 3|53:1 9|67:4 4|34:6 7|64:3 8|12:9 5|51:4 1|48:7 4|24:8 3|73:2 1|5:5 8|52:9 2|76:9 10|77:3 6|47:9 4|46:3 9|37:1 1|68:6 9|81:6 5|4:5 6|13:8 2|43:6 1|48:7 5|13:10 7|7:3 2|55:5 3|34:8 7|37:7 2|47:9 8|54:5 9|10:5 2|72:4 8|3:10 10|1:2 2|20:7 9|60:10 3|29:5 10|10:6 3|64:1 8|99:10 8|77:5 7|81:4 3|34:4 7|42:8 6|32:1 4|0:8 10|48:4 9|44:10 4|57:7 6|86:6 2|51:7 1|17:8 5|44:2 5|70:3 4|84:9 3|47:3 7|73:3 10|12:3 3|31:7 8|3:6 4|18:7 10|79:6 6|51:3 5|37:7 7|20:1 5|83:1 6|89:7 3|25:5 1|12:1 7|78:4 10|54:8 9|89:8 8|34:9 7|91:2 6|71:9 9|48:3 1|99:10 5|32:6 10|70:2 3|60:1 10|84:2 8|2:10 9|23:2 4|9:1 2|54:4 6|20:9 6|43:2 7|87:5 5|53:2 9|30:10 1</relation>
		<relation arity="2" defaultCost="infinity" name="R1" nbTuples="100" semantics="soft">36:9 7|16:9 5|17:9 8|46:10 8|36:7 1|60:8 2|40:7 7|77:10 5|61:5 4|45:6 2|12:4 4|43:4 8|47:9 4|29:1 5|11:7 10|31:3 7|19:5 10|90:3 5|71:1 7|83:2 6|44:5 2|62:1 10|32:7 3|77:10 3|44:8 4|12:6 9|82:7 5|86:10 7|14:9 1|91:5 1|36:2 2|92:6 4|36:5 3|96:8 6|80:8 10|18:2 8|45:2 3|56:2 10|14:9 9|47:9 10|58:1 2|18:3 2|4:5 6|32:3 4|79:9 2|78:3 1|7:2 1|86:7 9|12:5 5|79:7 2|35:6 7|54:10 10|7:10 1|11:10 6|49:1 4|70:4 9|8:3 8|83:4 6|72:10 4|53:4 3|97:8 9|9:6 10|12:9 3|26:7 6|11:4 7|5:2 9|64:3 9|25:4 1|25:6 8|39:2 4|80:1 1|91:6 6|37:8 7|98:5 7|19:8 8|89:9 6|52:5 8|81:8 1|88:4 5|23:3 10|85:7 8|24:4 10|2:1 8|1:6 3|55:1 9|92:6 1|92:3 6|32:10 2|7:5 9|92:7 4|9:8 3|33:1 6|45:2 5|9:10 9|15:2 7|13:3 3|77:8 5|92:6 5|47:4 2|3:1 3</relation>
		<relation arity="2" defaultCost="infinity" name="R2" nbTuples="100" semantics="soft">24:1 8|27:2 8|15:4 4|92:3 2|53:2 1|54:10 10|78:4 7|35:4 1|56:9 5|77:8 9|33:7 10|50:4 9|14:8 6|82:6 10|48:2 5|21:9 10|88:3 4|46:1 9|16:7 7|9:5 1|79:5 6|87:8 2|42:2 2|8:2 7|55:3 7|20:8 3|5:1 1|58:8 8|57:4 5|10:3 9|57:1 2|95:6 7|23:4 8|79:2 4|89:10 3|18:1 7|20:7 5|83:6 9|27:9 8|98:9 2|2:2 9|5:6 2|38:7 8|58:3 1|36:7 2|88:9 7|86:1 6|69:10 5|25:8 4|87:5 10|88:10 7|43:2 3|74:1 4|62:5 4|42:6 3|28:5 3|99:1 10|8:4 3|97:8 10|92:8 5|62:1 3|29:10 1|91:9 1|74:4 6|91:10 2|15:1 5|22:7 9|31:9 4|73:7 4|10:10 4|34:10 9|40:5 2|93:6 6|32:3 8|76:8 1|61:10 6|96:5 9|56:3 3|23:9 3|73:9 9|79:6 1|81:9 6|95:5 5|7:3 10|0:5 8|91:7 1|57:6 5|66:4 10|21:2 10|94:6 4|31:6 8|22:3 5|33:5 7|37:10 8|7:8 7|95:7 3|85:4 2|15:3 6|39:7 6|97:2 6</relation>
		<relation arity="2" defaultCost="infinity" name="R3" nbTuples="100" semantics="soft">77:5 10|91:2 8|17:2 1|44:4 7|70:1 8|97:10 10|20:6 1|21:8 7|96:2 3|11:9 5|93:1 3|95:5 6|24:2 9|28:7 4|36:8 3|93:8 1|12:10 3|72:9 1|3:7 1|55:10 1|15:2 10|82:1 2|0:10 8|92:1 4|54:7 2|68:5 9|2:3 6|4:6 6|46:9 3|62:8 6|95:8 4|14:6 9|69:3 8|28:2 4|81:7 5|45:3 2|35:4 4|16:5 8|40:8 2|24:6 8|35:9 7|65:5 4|58:3 9|39:4 5|15:1 7|26:9 8|77:8 8|35:10 4|96:6 2|55:6 7|18:8 9|88:7 7|35:4 2|86:4 8|31:2 2|43:1 5|5:3 3|75:9 2|65:9 10|25:5 5|32:4 3|82:9 4|16:7 6|49:3 4|27:5 1|28:10 6|52:6 4|38:7 10|84:3 5|79:5 2|74:5 7|3:10 5|10:1 10|29:4 9|66:6 10|34:1 9|20:9 6|50:1 1|75:4 1|58:2 5|50:10 7|73:8 10|96:4 6|20:9 9|33:6 5|35:4 10|91:2 7|98:3 10|46:7 3|42:5 3|73:10 9|62:7 9|45:7 8|65:3 1|98:8 5|79:1 6|40:6 3|2:10 2|90:2 6|72:3 7</relation>
		<relation arity="2" defaultCost="infinity" name="R4" nbTuples="100" semantics="soft">54:10 4|59:9 6|33:8 10|89:2 1|38:3 9|25:6 6|69:3 5|15:6 8|74:4 9|72:8 4|90:1 7|2:9 4|89:1 4|65:7 5|32:3 2|50:8 9|23:8 3|80:8 2|71:4 4|7:2 10|48:7 4|41:3 4|36:3 8|89:3 1|87:2 5|7:5 3|82:7 1|33:1 1|47:3 10|45:1 2|96:10 5|4:5 5|35:10 2|80:10 3|5:8 6|73:1 8|25:10 9|14:5 6|52:6 9|25:9 9|99:6 1|87:10 8|78:6 10|30:4 10|21:5 9|57:7 10|45:9 3|4:9 7|53:4 7|77:8 1|88:10 10|88:2 7|19:6 4|12:2 6|86:4 5|76:7 7|10:4 3|60:6 5|72:9 1|29:1 9|27:3 7|52:1 3|52:1 10|78:2 9|74:7 2|4:5 7|88:9 10|12:10 1|59:7 9|56:1 5|45:10 7|63:9 2|73:1 6|90:4 6|97:4 2|33:5 10|46:5 8|20:10 6|78:3 3|64:8 5|9:5 1|74:3 6|41:5 4|70:7 8|75:8 7|45:4 8|7:6 7|84:6 3|84:2 8|90:9 5|8:7 3|92:6 2|93:2 4|41:7 6|10:4 1|12:2 2|71:5 2|16:2 3|38:8 8|86:9 8</relation>
		<relation arity="2" defaultCost="infinity" name="R5" nbTuples="100" semantics="soft">81:2 3|97:10 3|14:3 4|76:8 7|58:8 6|46:8 5|42:3 3|1:9 3|54:5 4|38:4 9|58:9 1|14:10 2|54:6 6|6:7 7|37:6 7|32:1 10|24:3 7|51:9 9|96:8 4|65:5 1|62:7 4|31:5 9|27:5 6|85:10 1|33:2 9|29:2 6|38:6 5|28:2 7|61:9 8|66:8 9|72:1 1|68:9 7|23:2 4|80:10 8|11:10 10|76:4 10|14:8 1|62:3 1|32:6 3|58:6 2|95:5 10|42:5 5|75:9 4|95:6 8|66:4 4|7:3 9|61:2 2|35:9 2|86:7 10|62:1 4|97:4 8|71:8 3|98:9 5|77:7 9|89:4 5|87:1 5|95:1 2|75:4 1|96:2 8|25:4 6|30:5 3|29:1 7|23:7 2|32:9 6|10:7 6|65:10 7|69:10 4|44:9 10|85:2 5|21:6 1|40:7 8|38:7 5|26:5 2|63:5 7|55:3 5|51:5 8|67:3 6|61:6 4|5:4 3|75:3 10|52:10 5|40:2 10|55:6 9|21:1 3|59:4 2|97:1 8|94:8 2|11:1 6|11:8 8|55:7 1|27:4 7|35:1 9|46:10 6|45:2 1|32:8 10|73:3 8|1:7 3|62:3 2|3:10 9|56:6 10</relation>
		<relation arity="2" defaultCost="infinity" name="R6" nbTuples="100" semantics="soft">72:10 9|44:1 10|51:9 2|4:3 2|12:8 7|35:6 2|88:7 3|34:9 1|65:6 1|60:10 5|66:5 1|69:10 1|74:3 6|0:2 8|41:1 2|33:10 6|20:6 8|60:5 7|70:4 3|56:7 8|20:5 8|5:5 3|9:8 6|38:1 7|0:6 4|66:8 10|15:7 4|75:4 1|96:3 4|76:5 5|82:6 3|47:8 1|75:9 7|27:4 7|84:6 5|64:2 7|87:8 4|52:2 1|21:6 6|41:5 9|47:4 2|37:7 7|9:9 8|7:7 10|65:6 9|32:3 5|72:1 3|75:5 2|92:9 4|1:9 9|17:5 4|8:4 8|30:5 10|41:9 3|78:1 6|21:7 1|44:9 10|23:10 8|25:10 4|90:10 10|22:2 10|55:3 9|98:4 9|18:2 3|16:8 3|46:8 5|6:4 5|7:6 10|62:1 5|41:4 10|4:8 8|34:7 6|80:3 1|38:4 4|84:6 7|66:2 4|47:2 5|11:3 10|45:9 5|72:8 9|72:1 1|13:2 2|73:3 3|93:10 3|69:1 8|69:7 2|5:1 9|25:5 6|5:1 4|42:2 6|28:8 2|79:3 7|19:9 6|14:10 7|37:2 9|19:4 6|30:3 8|71:10 2|86:7 5|5:7 9</relation>
		<relation arity="2" defaultCost="infinity" name="R7" nbTuples="100" semantics="soft">66:8 3|62:4 3|35:10 7|44:8 6|3:5 6|44:7 4|99:5 8|46:8 4|61:7 6|77:9 10|94:6 6|85:1 8|10:5 4|46:2 1|52:9 3|31:2 8|18:9 7|62:10 6|82:7 9|95:5 10|44:6 1|8:3 2|88:3 9|51:4 8|8:9 9|44:10 10|85:6 5|67:7 1|60:3 8|73:1 7|82:8 1|71:4 9|35:6 10|64:10 2|60:1 2|63:7 8|85:5 9|87:8 2|61:3 10|1:3 4|87:1 5|99:6 7|43:1 1|20:9 1|78:6 4|96:4 1|26:7 5|52:9 6|40:2 7|33:5 7|0:8 9|65:1 3|98:7 2|79:5 2|50:3 3|31:2 4|45:2 3|80:4 7|5:10 1|76:4 2|52:8 7|11:6 2|86:3 1|20:8 10|52:10 4|74:8 5|99:5 5|73:2 6|57:4 4|82:5 3|96:1 10|75:10 5|75:9 2|31:8 8|98:10 8|45:6 8|19:4 5|76:2 2|9:6 9|6:2 5|50:9 8|83:9 4|93:7 3|50:10 9|76:1 6|88:6 3|34:3 6|82:7 10|49:3 5|2:4 6|49:1 9|63:2 10|84:4 10|28:10 3|84:9 5|68:7 7|8:2 9|11:5 1|56:1 4|63:3 7</relation>
		<relation arity="2" defaultCost="infinity" name="R8" nbTuples="100" semantics="soft">90:9 8|46:2 5|26:1 6|97:1 3|72:9 3|26:10 7|97:9 1|68:5 5|3:1 1|49:4 1|72:6 10|77:10 4|42:1 5|23:10 1|25:4 6|99:3 8|50:2 8|2:7 1|8:9 10|75:6 7|72:9 9|60:4 2|70:1 10|90:1 4|76:7 9|34:8 1|48:7 7|68:2 7|64:5 2|42:6 2|16:2 3|51:5 3|78:1 2|48:10 3|73:3 7|15:2 10|53:9 6|58:2 4|76:4 5|49:5 8|99:7 2|16:8 5|3:3 4|24:3 1|4:7 4|47:10 5|96:1 7|64:8 2|55:4 9|15:1 8|41:4 10|74:8 6|10:4 4|69:8 10|72:5 4|16:10 8|93:6 9|20:7 5|71:9 2|98:5 10|16:8 8|99:5 1|3:3 6|77:5 9|30:10 10|78:8 3|2:5 7|87:7 6|59:3 2|14:4 3|43:2 1|54:9 5|25:6 8|32:6 4|13:6 6|99:9 7|43:3 5|92:4 8|68:4 7|99:2 9|23:3 9|17:6 1|87:10 6|55:2 2|69:9 4|57:6 5|61:8 7|42:8 4|95:7 10|52:6 3|52:3 10|81:7 3|7:10 2|81:3 3|66:7 8|27:10 9|84:8 9|30:5 6|38:1 9|60:2 6</relation>
		<relation arity="2" defaultCost="infinity" name="R9" nbTuples="100" semantics="soft">52:7 6|73:10 8|9:1 3|54:1 8|53:3 3|8:5 4|69:9 1|88:4 2|66:1 1|54:5 3|10:4 10|81:1 5|29:9 7|91:5 10|86:6 6|5:10 3|67:3 6|65:3 4|78:2 5|54:8 3|24:6 4|62:3 10|48:1 7|48:1 4|47:8 10|18:8 2|5:4 8|3:3 7|55:2 6|47:7 4|69:10 1|11:5 5|6:9 9|63:7 3|0:3 5|61:2 4|78:4 9|28:5 8|8:5 7|53:6 9|66:7 8|97:6 1|27:9 6|10:2 3|74:5 9|53:2 7|0:8 5|15:2 2|38:9 5|16:6 8|69:4 7|3:2 10|80:1 10|15:9 3|75:4 6|38:6 3|13:6 5|16:3 2|51:7 9|33:4 4|22:5 1|59:7 2|37:8 7|84:10 5|90:5 6|26:1 9|20:3 1|33:8 8|77:9 2|4:1 6|65:10 9|19:2 9|97:7 5|0:10 7|93:6 7|68:4 3|54:10 2|53:8 6|72:8 1|72:8 4|62:7 7|0:2 1|75:8 9|14:6 10|59:9 10|15:3 9|23:4 1|98:6 2|38:10 10|40:10 6|86:2 8|90:3 8|70:10 4|15:1 2|61:9 4|1:5 2|78:9 8|36:4 5|24:7 10|33:7 1</relation>
		<relation arity="2" defaultCost="infinity" name="R10" nbTuples="100" semantics="soft">66:9 9|93:7 7|84:9 4|75:5 3|12:9 2|70:4 5|31:10 2|75:8 10|62:5 4|15:4 1|72:10 4|69:9 5|89:10 8|38:10 3|33:6 7|74:1 1|18:1 8|97:7 5|80:7 2|35:3 5|6:1 7|86:5 6|12:1 4|45:4 6|1:8 3|80:2 10|22:9 8|56:4 4|57:8 6|35:2 4|19:1 6|56:6 3|57:9 7|68:2 1|57:10 9|88:3 8|13:4 10|76:4 9|6:2 8|76:6 2|22:3 1|99:5 8|39:8 8|88:2 6|96:6 10|38:3 7|27:9 1|98:4 3|84:8 5|74:6 5|15:2 2|9:2 3|38:7 8|81:10 7|65:7 1|95:10 5|0:4 2|81:5 1|42:5 9|93:5 2|38:1 10|64:8 4|43:7 9|17:10 6|27:7 4|2:8 7|33:9 6|73:7 6|88:3 4|44:3 9|52:4 7|54:10 10|24:5 10|48:3 6|14:1 2|48:5 7|30:2 7|99:1 3|48:6 1|32:6 8|92:1 5|73:1 9|26:3 3|56:3 10|54:7 10|85:4 8|85:7 3|76:2 9|70:9 10|34:8 2|83:10 1|81:8 1|82:6 4|78:3 2|53:2 5|11:5 5|21:6 9|57:6 6|31:8 9|72:9 3</relation>
		<relation arity="2" defaultCost="infinity" name="R11" nbTuples="100" semantics="soft">36:7 6|41:1 8|57:2 8|43:10 1|59:9 10|42:8 8|99:8 9|71:6 2|64:6 3|10:4 9|25:9 2|49:5 3|57:1 9|6:4 7|96:4 2|19:10 3|96:3 3|55:1 4|5:2 6|7:3 6|55:8 1|4:6 1|14:9 4|93:6 8|90:9 7|98:6 4|87:6 10|17:5 8|87:1 1|67:9 6|66:9 3|55:10 7|98:4 10|25:1 10|32:8 7|22:2 9|12:8 10|53:5 9|79:4 6|97:3 8|77:2 7|78:8 2|75:3 4|2:3 10|44:10 6|68:3 5|6:10 4|7:1 3|77:4 8|78:3 2|51:5 5|64:3 1|60:9 9|27:5 7|42:7 3|53:5 10|34:7 4|60:2 10|84:6 5|46:4 3|25:1 6|90:10 5|57:7 1|58:2 1|35:2 3|92:4 5|16:5 1|63:8 6|3:4 4|22:7 8|1:6 7|86:8 3|58:7 7|59:2 4|88:1 5|92:9 5|40:5 6|90:8 4|25:10 10|95:8 5|85:7 5|82:1 7|2:1 2|71:10 8|56:7 2|34:3 9|18:6 9|41:7 10|2:10 9|43:10 2|63:2 5|96:3 7|21:7 9|69:6 6|42:9 1|69:9 8|37:5 4|39:4 1|76:5 2|28:2 2</relation>
		<relation arity="2" defaultCost="infinity" name="R12" nbTuples="100" semantics="soft">84:1 2|22:7 5|51:6 4|0:7 1|46:10 10|74:9 6|28:5 5|69:8 4|68:3 8|44:8 10|36:4 7|33:8 7|1:2 2|96:10 5|93:8 8|66:7 2|50:9 10|65:4 5|57:2 7|85:10 6|70:5 8|95:10 1|46:1 3|67:10 7|66:1 1|80:7 7|23:5 2|93:1 6|46:8 2|18:3 1|52:6 6|90:4 10|34:5 7|63:6 10|48:5 6|88:9 4|38:1 9|41:7 6|28:3 4|1:7 3|34:9 5|26:9 7|50:4 6|25:3 10|68:3 6|13:8 6|40:3 7|28:1 4|7:7 9|29:2 8|26:4 1|2:3 3|94:10 8|43:9 2|47:2 4|86:6 3|76:4 8|32:3 2|53:7 4|78:4 9|72:4 2|65:9 8|71:10 4|8:8 1|82:4 4|30:6 5|85:1 10|71:5 9|21:4 3|99:10 3|86:8 5|14:2 1|71:2 5|85:10 9|54:8 3|92:7 10|34:2 10|20:6 7|0:10 2|85:6 1|97:5 10|76:5 4|1:6 8|54:6 9|71:6 2|21:5 1|28:5 3|11:2 9|30:1 8|22:1 5|1:7 8|11:3 5|67:3 9|91:2 3|51:8 9|1:9 9|9:1 7|64:9 1|4:2 6|81:9 3</relation>
		<relation arity="2" defaultCost="infinity" name="R13" nbTuples="100" semantics="soft">13:2 10|74:9 6|34:4 7|18:10 6|37:3 1|66:7 5|37:5 3|71:9 10|64:3 4|21:9 2|86:2 1|24:7 1|36:9 3|47:2 5|59:8 8|66:9 8|15:9 4|69:9 1|76:1 7|29:7 7|78:2 6|23:1 2|88:3 7|14:7 9|86:8 10|17:6 2|48:4 4|46:1 6|89:8 3|30:5 6|15:6 5|70:2 8|47:5 8|39:5 7|21:5 2|14:3 9|64:4 6|36:8 1|67:6 7|62:8 4|34:1 8|62:7 10|10:3 10|83:9 7|37:10 9|84:8 5|25:4 10|55:4 5|68:2 9|30:2 4|71:2 2|8:7 6|87:1 1|66:5 10|88:10 1|24:7 8|59:1 3|69:4 9|41:3 8|62:4 1|97:7 2|74:10 4|78:6 10|60:3 3|95:10 8|58:2 3|31:8 9|37:5 5|58:1 5|14:10 2|49:10 7|41:4 8|24:10 10|6:1 9|95:8 7|85:7 4|52:6 9|98:3 5|51:1 4|31:3 6|16:8 6|25:1 10|98:4 3|77:8 2|54:6 8|5:6 6|36:3 2|44:6 1|16:10 3|60:9 5|63:9 9|6:10 5|23:5 1|38:6 4|14:5 4|98:2 7|89:7 3|27:4 2|42:6 3|40:5 9</relation>
		<relation arity="2" defaultCost="infinity" name="R14" nbTuples="100" semantics="soft">8:7 3|88:8 3|31:9 4|32:6 4|69:3 2|34:6 5|17:3 4|58:1 8|29:7 4|66:3 6|52:9 7|43:7 2|26:3 7|74:10 9|92:2 8|7:7 9|10:4 10|47:6 2|15:2 2|64:3 3|23:8 7|91:7 6|92:5 10|92:9 3|63:4 5|21:8 8|14:2 1|94:2 3|27:10 5|24:5 8|7:2 7|73:7 10|38:1 3|96:4 7|23:10 7|28:3 8|81:1 1|80:3 5|63:2 5|30:3 1|7:6 3|68:8 1|99:9 1|46:9 10|12:4 9|6:8 4|61:1 7|98:7 1|8:8 9|49:2 4|84:1 10|90:9 2|9:5 7|31:9 5|24:5 9|98:9 6|8:10 8|44:5 1|5:4 6|17:4 3|54:10 4|34:9 9|12:4 8|57:6 6|84:1 9|10:8 5|91:3 9|1:10 1|90:9 8|60:6 9|68:7 8|80:10 2|9:8 10|82:10 6|14:7 7|20:10 10|68:5 6|18:6 8|23:4 4|75:4 2|82:2 6|16:4 1|84:1 2|34:6 10|58:1 4|30:2 9|97:7 5|85:10 3|20:3 10|31:5 2|24:5 3|61:5 5|38:1 6|54:5 4|2:1 5|36:8 2|40:2 10|0:8 6|58:6 1|26:6 7</relation>
		<relation arity="2" defaultCost="infinity" name="R15" nbTuples="100" semantics="soft">5:9 8|1:5 10|74:10 8|54:2 6|74:5 4|96:1 9|61:6 4|92:2 3|61:7 3|55:5 6|29:7 9|80:3 4|27:1 5|53:8 10|21:8 5|25:7 1|2:5 3|89:3 8|48:6 7|81:1 4|49:4 6|55:10 7|98:1 1|23:9 4|54:5 1|8:4 7|85:4 8|28:2 2|26:6 8|12:4 10|77:9 9|65:6 3|68:6 6|15:5 2|45:1 8|24:8 7|45:8 8|43:8 4|76:3 1|62:7 2|12:4 5|33:10 1|41:9 2|18:9 3|13:2 4|73:7 10|55:8 6|54:6 9|10:2 9|18:4 2|14:6 1|14:8 3|25:4 9|18:7 8|49:9 1|78:10 2|3:1 7|45:1 10|86:2 8|59:4 3|37:7 7|34:6 10|83:5 8|70:3 3|33:2 5|96:1 3|9:1 6|45:7 4|32:5 5|62:10 6|82:10 5|71:10 3|26:3 7|25:6 2|18:5 9|88:2 1|6:9 5|66:7 5|6:3 2|45:8 9|76:9 10|2:4 4|69:3 9|69:3 5|24:4 1|49:10 4|83:8 2|21:8 1|30:2 10|90:6 5|44:10 10|94:3 10|41:10 9|50:2 7|76:9 7|52:9 6|22:5 7|45:3 6|6:7 6|27:1 2</relation>
		<relation arity="2" defaultCost="infinity" name="R16" nbTuples="100" semantics="soft">24:1 10|22:10 7|39:1 3|94:1 7|42:8 1|97:5 10|27:4 10|30:9 8|53:6 9|70:8 7|89:6 2|25:2 2|57:2 1|31:1 9|85:1 4|85:6 3|7:7 2|60:7 9|88:5 7|95:10 10|95:8 5|89:10 9|25:2 7|25:3 8|57:3 4|51:5 4|9:7 6|1:6 1|15:8 4|36:6 5|62:9 4|63:4 4|56:10 1|20:10 5|92:4 5|78:8 2|23:2 9|50:4 7|30:8 3|54:7 8|96:9 1|67:8 8|36:1 8|32:1 5|61:7 7|98:9 6|52:10 2|53:8 6|28:9 9|55:3 1|48:7 5|41:5 9|73:7 4|11:10 3|37:4 2|11:4 1|91:9 10|28:6 4|12:6 7|1:5 3|24:7 1|93:9 7|80:2 8|7:6 6|1:2 5|89:5 6|79:4 9|20:1 2|95:3 10|43:5 8|9:3 6|18:3 3|10:8 10|55:4 8|50:4 3|50:9 3|35:5 2|4:2 3|96:5 1|56:2 4|25:9 5|91:8 9|91:3 2|22:3 9|4:10 6|97:10 8|44:3 5|4:6 10|89:7 3|2:6 8|87:1 6|85:3 7|59:1 1|79:2 10|4:5 5|8:10 4|34:9 2|96:4 6|47:7 10|75:2 6</relation>
		<relation arity="2" defaultCost="infinity" name="R17" nbTuples="100" semantics="soft">19:9 4|38:4 4|3:2 7|95:6 6|82:9 10|14:1 9|4:5 9|76:6 9|14:4 2|94:6 4|82:1 5|10:7 6|83:3 10|67:9 3|41:5 7|68:2 6|29:1 3|79:1 4|56:1 10|86:3 5|34:8 3|14:5 5|96:4 1|54:4 6|84:4 5|12:5 8|49:8 9|15:4 9|62:10 3|96:8 4|19:3 6|37:5 4|97:1 1|53:6 5|24:4 10|56:3 8|1:10 1|29:4 7|89:4 8|87:2 1|23:1 6|80:5 1|28:3 1|96:5 2|93:8 10|24:10 6|11:6 7|31:6 8|5:10 7|70:2 10|69:10 8|37:3 2|76:1 8|65:10 10|17:6 1|73:9 2|79:8 6|89:7 7|67:8 1|14:3 7|74:3 4|71:7 9|25:6 3|35:3 9|7:4 3|90:3 3|94:9 6|92:5 3|26:9 8|64:9 7|88:1 2|80:7 1|14:10 2|67:6 2|90:2 9|20:10 4|33:8 8|66:6 10|20:7 5|75:7 3|11:10 9|26:5 6|23:8 5|55:8 7|93:8 2|87:2 2|43:2 3|0:1 7|1:7 8|59:2 4|78:2 8|18:9 5|49:7 2|50:10 5|71:5 10|78:9 1|63:9 9|8:2 5|73:7 10|67:7 4</relation>
		<relation arity="2" defaultCost="infinity" name="R18" nbTuples="100" semantics="soft">69:4 9|52:1 5|50:3 10|24:9 9|43:3 3|15:6 5|1:5 4|87:4 6|65:2 4|21:4 4|58:6 6|50:9 6|12:7 1|50:7 5|12:3 2|49:2 5|21:2 6|66:6 1|63:3 9|97:8 8|8:7 10|36:7 6|1:10 2|98:2 9|79:1 2|93:9 8|56:10 3|64:5 1|65:1 6|54:1 3|65:5 10|85:9 4|59:10 4|47:4 1|26:1 9|72:6 10|54:2 10|94:2 1|77:3 5|18:10 7|40:8 4|67:9 7|56:7 2|80:8 9|84:2 3|70:3 6|69:10 8|46:2 8|23:6 3|26:5 5|20:10 5|92:1 8|72:6 7|89:1 7|86:3 7|18:9 10|76:8 1|88:5 3|92:4 7|73:5 6|75:5 7|89:9 1|47:1 10|88:9 3|36:10 1|0:2 2|25:10 9|82:6 9|80:6 8|27:7 7|8:3 8|12:7 8|25:4 2|75:7 3|80:4 5|72:7 9|16:5 2|42:8 6|94:6 2|29:1 4|15:8 2|87:8 10|88:3 1|83:2 7|56:10 10|0:9 5|25:4 10|91:8 7|82:8 5|6:6 4|8:4 3|43:3 4|19:5 8|71:1 1|62:4 8|76:5 9|48:8 3|81:7 4|29:10 6|43:9 2</relation>
		<relation arity="2" defaultCost="infinity" name="R19" nbTuples="100" semantics="soft">80:10 2|51:7 8|82:5 10|97:4 6|91:3 8|77:3 9|43:4 8|25:5 7|14:8 1|2:1 3|30:2 10|89:8 2|18:8 9|91:8 3|72:9 1|88:4 2|16:4 4|42:2 8|64:7 3|6:10 7|26:3 6|53:1 7|15:9 3|56:2 1|1:4 7|93:5 5|89:2 3|69:1 8|55:9 6|5:4 10|87:4 1|40:6 4|30:9 4|48:8 6|60:2 4|21:8 4|36:2 5|82:6 8|31:7 5|92:6 3|93:5 2|82:5 8|37:3 1|99:7 6|6:2 2|83:1 5|37:2 7|26:4 3|22:9 2|74:9 10|95:3 2|25:8 7|53:5 1|70:5 6|43:6 2|68:1 2|60:6 9|46:9 5|89:10 3|37:2 6|95:4 5|74:3 7|41:10 10|10:1 4|55:8 5|3:7 9|65:3 3|28:6 7|39:1 1|30:10 1|38:7 1|15:1 10|19:10 6|39:9 8|34:5 3|84:9 9|19:6 10|18:3 4|92:5 4|77:5 9|78:6 6|66:8 8|89:7 10|45:10 8|47:7 7|82:3 10|85:7 2|94:2 9|12:9 7|83:6 5|79:10 4|76:10 9|53:1 6|8:7 4|15:4 9|49:8 10|50:10 5|48:3 5|94:6 1|30:1 9</relation>
		<relation arity="2" defaultCost="infinity" name="R20" nbTuples="100" semantics="soft">55:6 7|88:6 6|8:5 2|7:4 3|50:10 9|67:6 2|47:4 9|85:6 8|13:6 1|7:4 8|37:6 4|25:9 8|14:8 7|67:1 7|42:8 10|99:2 5|69:4 10|77:3 2|62:7 9|29:3 9|19:8 8|88:3 10|23:10 2|99:3 5|87:4 4|35:6 3|86:2 2|68:5 4|30:3 8|61:4 6|74:9 6|16:1 4|44:5 5|19:9 9|13:2 3|39:7 5|3:9 1|37:9 2|53:10 3|67:10 4|14:3 7|17:5 10|53:2 8|74:7 4|49:2 6|77:2 9|88:7 8|24:2 10|28:4 2|45:9 7|71:7 6|23:10 10|66:2 1|76:6 9|17:7 1|20:7 3|59:5 9|26:6 5|67:8 2|17:3 4|33:4 7|94:3 3|2:1 6|30:5 7|65:8 6|24:1 5|49:4 1|12:6 10|72:10 7|48:2 7|43:7 7|64:1 9|8:10 1|7:5 6|30:10 8|41:1 8|23:9 3|62:4 5|73:10 6|71:1 3|83:1 1|95:3 6|87:7 10|29:1 2|96:9 4|23:5 8|54:5 1|28:8 5|29:8 9|13:8 4|33:3 1|74:7 2|12:8 1|91:2 4|21:9 5|20:1 10|55:10 5|25:9 10|3:5 3|98:8 3</relation>
		<relation arity="2" defaultCost="infinity" name="R21" nbTuples="100" semantics="soft">61:4 4|57:9 7|84:2 8|79:10 4|85:4 8|46:10 10|51:3 5|50:10 3|70:3 4|61:10 7|88:8 8|96:3 6|44:2 2|86:9 9|0:7 8|96:1 3|19:1 6|70:5 7|19:10 6|57:7 5|0:7 9|44:5 1|83:6 5|44:8 3|95:4 10|70:3 10|60:7 1|46:7 4|75:7 10|28:5 9|83:3 7|79:9 10|67:9 1|44:2 9|7:1 4|28:6 2|17:2 1|87:8 6|72:8 10|68:5 6|36:4 6|36:4 5|47:6 6|19:5 2|21:1 2|3:2 6|11:8 7|39:3 9|49:7 7|91:7 6|37:9 8|38:7 2|63:10 5|8:6 7|4:6 8|42:5 4|75:3 8|45:8 9|78:2 5|86:8 5|70:10 2|19:1 10|36:4 9|28:9 2|52:6 3|37:3 1|77:1 9|18:10 1|32:9 6|75:4 2|42:8 2|86:9 3|31:5 5|55:2 7|10:6 10|86:1 7|90:6 4|26:1 1|22:1 8|16:4 3|45:2 3|89:10 9|4:5 3|16:4 7|38:6 9|73:8 4|65:8 1|95:4 1|23:10 8|66:5 8|3:1 5|41:7 3|11:9 5|73:2 4|83:5 10|70:3 3|22:9 4|19:3 2|4:6 1|45:2 10</relation>
	</relations>
	<GuiPresentation benchmark="RandomDCOP" density="50" domainSize="10" model="TKC" name="instance10" nbAgents="10" nbConstraints="22" nbTuples="100" tightness="0" type="DCOP" />
</instance>