<?xml version='1.0' encoding='UTF-8'?>
<instance>
	<presentation benchmark="RandomDCOP" constraintModel="TKC" format="XDisCSP 1.0" model="Simple" name="instance10" type="DCOP" />
	<agents nbAgents="10">
		<agent description="agent 1" id="1" name="A1" />
		<agent description="agent 2" id="2" name="A2" />
		<agent description="agent 3" id="3" name="A3" />
		<agent description="agent 4" id="4" name="A4" />
		<agent description="agent 5" id="5" name="A5" />
		<agent description="agent 6" id="6" name="A6" />
		<agent description="agent 7" id="7" name="A7" />
		<agent description="agent 8" id="8" name="A8" />
		<agent description="agent 9" id="9" name="A9" />
		<agent description="agent 10" id="10" name="A10" />
	</agents>
	<domains nbDomains="1">
		<domain name="D1" nbValues="10">1..10</domain>
	</domains>
	<variables nbVariables="10">
		<variable agent="A1" description="variable 1.1" domain="D1" id="1" name="X1.1" />
		<variable agent="A2" description="variable 2.1" domain="D1" id="1" name="X2.1" />
		<variable agent="A3" description="variable 3.1" domain="D1" id="1" name="X3.1" />
		<variable agent="A4" description="variable 4.1" domain="D1" id="1" name="X4.1" />
		<variable agent="A5" description="variable 5.1" domain="D1" id="1" name="X5.1" />
		<variable agent="A6" description="variable 6.1" domain="D1" id="1" name="X6.1" />
		<variable agent="A7" description="variable 7.1" domain="D1" id="1" name="X7.1" />
		<variable agent="A8" description="variable 8.1" domain="D1" id="1" name="X8.1" />
		<variable agent="A9" description="variable 9.1" domain="D1" id="1" name="X9.1" />
		<variable agent="A10" description="variable 10.1" domain="D1" id="1" name="X10.1" />
	</variables>
	<constraints initialCost="0" maximalCost="infinity" nbConstraints="20">
		<constraint arity="2" model="TKC" name="C0" reference="R0" scope="X1.1 X9.1" />
		<constraint arity="2" model="TKC" name="C1" reference="R1" scope="X1.1 X3.1" />
		<constraint arity="2" model="TKC" name="C2" reference="R2" scope="X1.1 X8.1" />
		<constraint arity="2" model="TKC" name="C3" reference="R3" scope="X1.1 X2.1" />
		<constraint arity="2" model="TKC" name="C4" reference="R4" scope="X2.1 X3.1" />
		<constraint arity="2" model="TKC" name="C5" reference="R5" scope="X2.1 X8.1" />
		<constraint arity="2" model="TKC" name="C6" reference="R6" scope="X2.1 X9.1" />
		<constraint arity="2" model="TKC" name="C7" reference="R7" scope="X2.1 X4.1" />
		<constraint arity="2" model="TKC" name="C8" reference="R8" scope="X2.1 X7.1" />
		<constraint arity="2" model="TKC" name="C9" reference="R9" scope="X3.1 X5.1" />
		<constraint arity="2" model="TKC" name="C10" reference="R10" scope="X3.1 X4.1" />
		<constraint arity="2" model="TKC" name="C11" reference="R11" scope="X4.1 X10.1" />
		<constraint arity="2" model="TKC" name="C12" reference="R12" scope="X4.1 X9.1" />
		<constraint arity="2" model="TKC" name="C13" reference="R13" scope="X4.1 X5.1" />
		<constraint arity="2" model="TKC" name="C14" reference="R14" scope="X4.1 X6.1" />
		<constraint arity="2" model="TKC" name="C15" reference="R15" scope="X5.1 X10.1" />
		<constraint arity="2" model="TKC" name="C16" reference="R16" scope="X6.1 X7.1" />
		<constraint arity="2" model="TKC" name="C17" reference="R17" scope="X6.1 X10.1" />
		<constraint arity="2" model="TKC" name="C18" reference="R18" scope="X7.1 X9.1" />
		<constraint arity="2" model="TKC" name="C19" reference="R19" scope="X8.1 X10.1" />
	</constraints>
	<relations nbRelations="20">
		<relation arity="2" defaultCost="infinity" name="R0" nbTuples="100" semantics="soft">38:3 2|85:4 2|59:9 8|57:3 5|13:2 6|85:6 3|60:4 6|93:2 10|0:2 5|70:5 4|42:6 10|40:8 9|36:9 7|26:4 3|99:2 2|28:8 4|48:8 2|4:1 8|77:8 8|45:5 6|90:9 9|51:3 1|6:5 1|0:9 3|37:4 7|45:5 8|23:6 7|28:9 1|97:1 4|0:5 9|30:1 6|54:2 8|60:5 5|50:5 7|70:4 9|32:4 8|93:5 10|23:1 9|87:9 4|2:10 6|6:10 4|45:1 2|43:2 3|90:7 3|22:8 3|11:7 9|28:10 7|3:10 9|19:6 9|13:3 7|75:8 5|77:3 6|13:9 6|92:5 2|1:9 2|13:1 10|41:4 10|31:1 7|87:7 5|34:2 9|91:9 5|58:8 10|17:7 2|88:10 5|12:7 6|84:10 1|41:7 8|19:4 5|41:10 10|33:3 4|41:1 5|89:10 3|68:6 5|95:6 2|85:3 9|58:7 10|85:10 2|73:10 8|47:3 3|29:8 6|73:7 4|25:6 4|67:7 1|47:1 1|14:7 7|68:8 1|19:1 3|39:3 10|83:2 1|16:5 3|73:9 10|3:8 7|69:4 4|62:6 8|98:2 4|2:6 1|9:3 8|38:2 7|38:6 6|87:4 1</relation>
		<relation arity="2" defaultCost="infinity" name="R1" nbTuples="100" semantics="soft">42:3 1|57:3 2|35:2 3|74:8 10|61:8 2|14:8 6|57:3 3|87:9 2|68:1 8|18:1 6|72:7 5|67:5 1|49:5 2|15:6 6|52:9 4|56:5 6|98:10 4|85:7 7|26:3 8|64:4 3|68:3 6|40:1 4|77:2 6|70:9 8|70:7 1|0:6 5|39:6 9|64:3 9|51:1 1|44:2 5|3:5 4|94:3 4|48:7 9|44:4 1|67:9 7|37:5 8|72:5 10|46:7 4|32:9 3|21:6 4|23:7 10|58:1 3|88:8 4|16:2 1|95:7 8|44:5 5|92:7 6|34:8 1|40:10 8|75:4 5|51:4 2|27:2 10|53:1 9|34:9 6|40:5 7|6:2 7|74:1 7|77:10 1|4:9 1|56:8 5|63:8 3|32:9 5|87:1 2|23:9 10|83:4 8|20:6 7|76:6 1|14:6 10|90:3 10|64:6 8|46:4 7|50:6 2|72:2 9|81:10 5|21:10 3|38:5 3|14:2 2|38:4 4|70:10 9|55:10 2|65:3 5|17:4 10|28:10 10|56:1 10|31:8 8|83:3 7|14:4 9|81:1 5|15:8 9|3:7 3|98:7 2|37:8 7|12:4 6|85:2 8|52:10 6|62:6 3|88:2 4|92:10 7|93:5 9|7:9 9</relation>
		<relation arity="2" defaultCost="infinity" name="R2" nbTuples="100" semantics="soft">36:2 2|25:9 1|52:9 6|38:10 8|78:8 10|20:7 9|49:8 8|97:4 10|16:6 1|39:2 6|21:6 7|22:1 1|55:6 3|66:6 6|11:5 1|51:7 7|77:5 5|37:7 1|64:4 7|82:1 6|61:5 6|56:1 8|43:10 1|38:10 9|44:3 8|68:3 1|56:10 10|71:4 6|14:3 3|45:4 1|90:3 6|37:10 3|84:4 4|34:8 4|42:5 7|68:8 3|19:1 7|88:5 4|48:10 5|72:2 1|65:5 10|53:3 7|84:9 2|94:6 5|87:8 9|31:3 10|98:2 7|62:2 4|82:4 2|69:2 8|59:2 10|17:6 2|42:10 2|44:6 10|43:6 4|19:3 2|89:7 4|79:8 2|60:3 9|21:9 10|11:1 3|31:1 4|33:9 3|1:2 9|77:6 9|53:2 5|18:4 5|17:5 2|25:9 5|95:1 2|60:9 7|96:4 8|97:1 5|86:7 8|83:9 8|15:8 7|80:7 3|18:7 5|51:4 3|19:3 4|81:5 9|56:10 6|3:8 1|16:8 5|99:6 8|79:5 8|75:4 9|39:10 7|82:3 5|98:7 2|21:1 9|30:5 3|81:7 10|17:8 6|27:10 4|64:7 6|35:1 10|5:2 3|55:9 4|43:9 9</relation>
		<relation arity="2" defaultCost="infinity" name="R3" nbTuples="100" semantics="soft">79:5 5|49:7 8|8:2 9|77:4 7|30:10 6|2:6 6|56:10 9|24:1 3|99:5 1|8:6 2|27:6 1|33:7 10|1:6 3|75:7 5|76:1 8|51:1 9|38:2 6|15:3 10|46:8 8|34:2 2|54:4 9|56:1 2|87:9 7|6:5 10|22:4 4|46:6 7|53:10 3|42:1 1|52:6 4|56:10 7|15:9 10|41:2 1|97:5 8|18:8 9|18:6 5|55:7 6|82:9 6|57:7 3|2:2 10|54:9 8|86:5 6|83:1 6|31:9 3|64:3 8|96:7 1|29:10 8|79:5 7|38:7 4|82:7 2|86:2 3|22:8 10|24:9 2|95:1 10|28:6 10|63:9 4|79:10 2|70:6 8|79:6 9|7:10 10|56:3 7|67:3 4|13:8 2|3:9 5|42:7 7|59:4 2|20:8 5|54:3 5|67:9 1|13:4 5|34:8 1|32:8 4|72:5 3|53:5 2|67:2 5|2:3 6|77:4 1|10:10 4|40:3 2|37:2 8|35:2 4|12:5 9|10:8 7|64:4 6|68:3 3|33:2 7|77:3 9|67:4 10|9:10 5|56:1 7|87:9 9|20:10 1|8:4 3|47:5 4|32:1 4|27:4 8|25:8 6|47:3 1|66:8 3|14:1 5|8:7 9</relation>
		<relation arity="2" defaultCost="infinity" name="R4" nbTuples="100" semantics="soft">59:4 10|88:8 8|90:9 3|41:8 4|21:3 1|30:9 2|79:10 4|16:7 4|60:4 2|81:4 3|30:4 1|48:6 10|81:9 9|28:6 6|44:8 5|36:8 7|86:8 2|87:1 6|53:4 7|34:5 2|11:6 7|50:5 8|74:2 5|67:10 3|13:1 2|94:6 5|72:1 4|22:9 1|24:2 8|87:2 9|28:3 9|85:6 4|35:9 8|79:3 10|89:1 5|73:10 8|13:10 6|49:5 6|50:9 10|35:6 9|49:10 7|19:10 2|19:2 1|22:4 8|32:8 1|0:5 3|82:3 3|28:10 1|8:6 8|37:2 2|47:1 9|42:7 3|95:1 8|42:9 6|77:10 5|12:2 10|22:2 7|21:4 4|80:1 3|82:7 8|72:7 7|70:3 4|2:8 6|23:6 3|57:7 1|66:9 4|2:7 2|44:2 3|38:4 5|40:5 5|80:4 6|46:6 2|30:2 6|29:4 9|28:2 4|49:1 7|71:10 9|35:1 10|69:9 7|64:5 4|88:9 5|14:1 1|43:3 8|4:5 9|53:5 7|19:7 6|61:3 6|96:8 3|41:5 10|36:5 1|88:3 7|8:7 10|65:6 1|18:7 5|93:3 2|66:7 9|87:8 10|22:8 9|6:10 10|4:3 5</relation>
		<relation arity="2" defaultCost="infinity" name="R5" nbTuples="100" semantics="soft">89:2 9|58:2 4|32:6 4|1:7 3|26:8 1|87:2 3|52:1 7|74:10 4|99:10 5|82:9 1|55:10 10|67:7 8|72:1 2|68:10 8|56:4 8|79:5 9|81:2 1|63:6 5|62:4 2|66:5 8|54:5 3|13:9 5|13:7 9|69:6 7|83:4 4|31:10 2|60:8 6|22:1 9|7:10 3|2:6 10|57:7 5|9:3 10|74:1 3|71:3 2|0:3 6|72:7 2|91:3 9|65:2 10|52:4 10|87:8 9|50:10 9|23:4 6|39:2 6|2:6 9|51:2 8|69:5 1|25:9 4|6:5 5|53:4 3|1:4 9|63:9 2|34:1 10|11:5 4|75:5 6|84:7 6|91:7 4|92:3 5|28:8 10|91:1 4|60:6 2|26:10 1|40:2 2|34:5 7|67:8 4|62:6 6|32:9 10|39:4 1|95:10 6|17:5 2|97:1 8|55:8 2|41:9 9|0:8 8|66:6 3|62:4 5|35:1 6|44:9 8|66:5 10|0:3 1|54:3 8|25:8 5|31:8 7|42:1 1|69:9 3|26:10 7|61:6 1|55:7 7|98:2 5|82:3 3|54:7 10|48:2 7|93:3 4|47:1 5|13:3 7|54:4 7|40:8 3|45:7 1|36:6 8|5:9 7|77:9 6</relation>
		<relation arity="2" defaultCost="infinity" name="R6" nbTuples="100" semantics="soft">66:4 6|7:5 1|61:3 3|39:6 3|78:4 7|54:4 3|18:5 7|1:7 3|7:7 10|74:3 10|42:2 6|6:6 4|16:2 8|2:6 10|38:3 2|8:1 5|7:6 7|28:5 10|16:5 8|23:7 6|90:3 4|50:10 8|32:5 9|34:1 6|32:7 8|44:7 1|46:10 4|44:1 1|61:5 6|96:5 5|41:7 7|13:10 6|43:4 10|51:6 1|52:1 9|37:6 8|90:8 2|62:8 8|89:4 5|66:8 3|38:2 4|48:10 1|68:1 4|18:4 1|38:9 5|91:5 2|37:9 2|49:4 9|44:10 2|55:10 3|96:10 10|31:1 7|62:1 10|54:8 1|91:9 8|72:3 7|56:9 3|45:3 9|77:2 3|75:8 6|68:9 7|81:10 9|85:9 10|92:9 6|46:1 3|5:5 3|64:3 5|84:8 10|48:2 5|11:3 1|29:9 4|9:6 5|71:2 10|65:9 1|3:8 9|38:4 8|77:4 2|82:3 6|78:2 2|52:7 9|20:7 5|31:2 7|39:7 4|72:2 9|55:6 2|98:10 7|58:8 5|85:5 4|65:9 9|80:2 1|71:8 4|61:4 4|59:10 5|12:3 8|40:8 7|58:1 8|68:6 6|15:1 2|18:7 2|20:6 9</relation>
		<relation arity="2" defaultCost="infinity" name="R7" nbTuples="100" semantics="soft">89:8 2|72:1 2|13:4 1|78:9 2|67:8 7|40:10 6|93:8 8|28:9 8|64:1 10|30:3 1|48:10 9|5:8 3|43:6 3|59:8 1|92:10 3|76:10 4|18:2 5|49:10 7|40:3 3|57:9 3|4:7 6|41:4 3|35:1 7|43:6 6|21:8 10|85:1 9|34:8 6|30:5 5|11:9 10|61:3 5|17:2 8|96:2 2|23:5 2|43:7 7|15:6 2|14:7 8|13:5 9|19:7 5|62:5 7|15:9 5|97:10 10|33:6 9|89:7 10|54:2 4|73:2 3|60:10 1|67:3 6|19:7 1|53:1 4|32:1 5|73:10 5|79:9 7|24:8 5|14:5 6|56:9 6|34:9 4|45:1 1|89:5 8|86:7 2|62:4 5|57:1 6|21:8 4|71:5 1|49:7 3|63:3 4|71:5 3|91:7 4|33:3 8|45:6 5|43:10 2|59:4 9|64:8 9|94:2 6|97:2 10|79:6 8|16:2 9|81:4 10|2:4 7|83:4 4|16:6 4|25:2 1|92:3 7|35:6 10|49:1 3|84:6 1|76:5 10|65:5 4|25:3 9|54:4 6|54:4 8|21:3 2|41:2 7|66:9 9|68:3 10|83:1 8|14:6 7|35:7 9|13:4 2|41:10 8|41:9 1</relation>
		<relation arity="2" defaultCost="infinity" name="R8" nbTuples="100" semantics="soft">23:1 1|68:1 10|71:4 9|16:2 1|19:2 7|86:8 6|80:2 10|36:1 2|85:1 5|87:8 5|19:4 5|70:6 5|13:8 10|50:5 7|28:6 4|24:1 3|95:4 3|4:8 4|57:10 7|61:9 4|26:7 2|40:3 2|59:10 2|94:6 8|88:2 5|70:3 4|76:10 5|40:7 7|28:2 4|78:8 8|99:9 10|55:2 2|56:5 10|16:3 9|92:9 2|22:2 8|20:10 3|71:5 6|44:8 9|74:10 1|67:4 1|43:6 3|15:9 5|61:5 9|13:8 1|86:5 4|76:6 2|84:5 2|36:1 6|6:7 10|21:9 7|85:9 3|42:5 5|27:7 5|93:7 4|33:9 1|89:8 7|4:5 3|78:7 8|32:3 5|70:10 9|85:5 1|98:4 2|52:3 6|52:3 1|96:3 10|66:2 9|77:10 6|97:4 7|7:1 7|83:7 9|54:6 6|82:4 8|40:9 8|1:1 4|63:3 8|13:6 9|96:9 9|62:4 10|24:1 8|30:10 4|93:7 6|79:3 3|86:2 3|42:8 3|30:5 8|67:6 1|63:10 8|92:10 10|33:1 9|73:6 10|89:3 7|93:2 6|70:8 2|19:6 7|89:9 6|60:4 6|36:4 4|72:7 3|4:7 1</relation>
		<relation arity="2" defaultCost="infinity" name="R9" nbTuples="100" semantics="soft">85:2 4|94:9 6|82:4 2|69:2 5|86:2 1|34:6 2|24:9 5|90:10 5|90:5 7|11:4 8|32:5 1|14:4 4|27:1 1|68:2 7|22:5 8|37:9 2|16:5 10|40:2 3|83:3 6|3:7 7|37:6 6|51:6 9|0:8 7|57:10 8|55:8 4|38:6 1|37:2 8|9:8 2|7:4 3|74:4 1|85:10 4|19:4 6|21:3 4|64:10 2|72:8 10|53:9 9|11:1 9|82:8 3|84:5 5|72:2 6|80:9 1|52:7 5|78:5 4|81:8 5|47:7 9|65:9 4|95:3 2|83:6 4|84:6 7|42:8 9|57:8 8|66:7 3|36:4 5|27:10 6|54:3 3|22:1 6|23:2 9|40:2 2|22:9 8|15:3 7|80:7 6|55:10 7|79:1 8|56:8 6|84:6 10|59:4 9|33:5 2|18:7 1|23:10 3|62:1 4|2:8 1|65:1 5|10:3 5|91:1 10|31:1 7|64:3 8|98:6 8|57:10 10|5:6 3|86:7 8|28:2 10|83:10 9|90:4 10|54:4 7|9:1 2|0:1 3|29:7 4|33:7 10|24:5 9|15:7 2|54:3 9|8:6 5|23:10 1|14:9 10|41:3 10|58:5 6|10:3 1|72:9 7|8:9 3|86:5 3</relation>
		<relation arity="2" defaultCost="infinity" name="R10" nbTuples="100" semantics="soft">10:10 2|14:9 2|63:5 8|99:5 10|43:5 2|5:7 9|56:3 1|6:9 8|12:3 6|42:2 6|64:6 6|37:5 4|98:3 2|17:6 4|71:6 9|18:2 4|81:1 4|4:10 1|4:7 5|70:10 6|62:3 9|65:7 10|18:7 3|65:3 5|87:2 5|23:5 9|98:6 1|28:1 7|53:6 2|9:1 6|89:2 10|29:4 9|12:2 7|10:1 2|92:8 3|71:2 9|45:2 1|27:1 9|62:8 9|4:1 5|35:9 10|77:2 8|24:8 1|91:5 6|45:9 4|16:8 5|57:3 7|97:9 9|31:3 4|12:1 10|65:9 3|50:7 1|14:4 10|1:7 4|98:4 2|94:10 5|17:7 2|13:5 5|38:4 6|83:1 3|7:8 10|94:10 10|1:7 8|78:10 4|7:10 9|20:10 8|21:5 3|24:4 3|10:3 3|33:7 6|2:8 4|7:8 8|64:1 1|95:10 3|9:3 8|94:6 5|47:2 2|16:6 7|5:9 5|21:8 2|7:8 6|95:6 10|90:4 7|19:8 7|47:4 5|57:3 10|69:7 7|83:1 8|13:5 1|51:9 6|91:5 7|60:9 1|71:4 1|93:6 8|11:2 3|6:9 7|34:4 4|1:4 8|16:6 3|14:10 7</relation>
		<relation arity="2" defaultCost="infinity" name="R11" nbTuples="100" semantics="soft">99:5 4|52:5 6|44:1 2|87:1 8|46:4 5|86:8 8|41:6 9|13:4 4|60:3 8|98:10 6|24:4 7|59:3 3|60:6 2|88:6 8|29:1 9|20:7 5|37:3 1|57:10 9|81:8 4|57:9 4|63:4 10|69:10 7|41:5 8|50:4 6|59:3 9|19:4 2|51:7 9|16:6 7|97:6 5|19:2 6|55:8 7|30:6 1|61:7 2|74:9 5|50:8 9|94:1 6|31:4 8|60:1 3|13:5 7|43:1 1|81:10 2|42:8 2|66:8 5|0:9 3|43:5 9|65:10 1|2:4 3|29:1 10|80:2 3|67:9 10|16:3 2|27:2 4|80:2 5|49:2 1|11:10 5|90:10 10|26:7 10|34:10 3|47:5 10|46:9 2|75:1 7|89:4 1|49:1 4|74:6 4|80:9 1|87:2 7|92:3 6|10:10 4|63:9 7|64:6 10|99:9 9|35:6 6|63:4 9|16:7 7|70:3 5|29:7 4|24:8 10|55:7 8|13:3 10|78:5 3|79:1 5|45:6 3|26:10 8|69:5 2|60:3 4|93:7 6|53:7 1|83:3 7|4:9 6|73:5 1|31:2 9|5:8 1|76:2 8|3:8 3|9:2 2|56:2 10|16:7 3|40:8 6|50:5 5|12:9 8</relation>
		<relation arity="2" defaultCost="infinity" name="R12" nbTuples="100" semantics="soft">91:8 6|93:3 3|62:4 10|52:7 10|12:2 1|70:7 7|81:3 10|25:1 5|25:4 4|63:8 10|12:2 9|55:6 1|96:10 4|86:4 9|49:7 4|83:1 2|40:2 10|73:1 8|22:8 1|71:5 6|14:8 9|3:5 7|76:6 5|73:4 5|55:1 3|54:3 8|2:9 9|62:5 9|12:7 8|23:7 9|23:6 2|57:6 8|52:10 2|33:7 6|94:3 5|94:7 2|17:3 1|1:3 2|84:7 1|10:4 7|56:5 8|23:2 6|12:2 5|89:1 6|19:1 10|29:5 5|85:9 6|63:10 6|36:9 2|92:8 2|56:8 3|5:1 1|40:4 3|27:6 4|3:5 3|1:10 8|57:7 5|57:10 5|47:8 8|7:3 4|9:4 1|65:7 3|16:9 1|81:2 8|39:10 9|19:4 2|63:6 6|30:8 5|18:5 4|54:5 2|32:6 10|43:10 7|28:1 4|40:6 3|29:3 9|16:6 9|91:8 7|7:5 10|45:2 3|71:8 4|50:9 5|77:2 2|26:10 10|46:9 10|41:2 7|40:4 6|55:10 1|62:10 3|66:9 4|28:9 7|4:5 1|85:1 9|72:3 7|93:6 7|78:1 7|29:9 8|30:9 3|42:3 6|42:4 8|27:2 4</relation>
		<relation arity="2" defaultCost="infinity" name="R13" nbTuples="100" semantics="soft">32:8 5|11:4 5|61:9 10|44:4 6|66:2 1|10:8 9|73:4 9|17:5 2|27:2 7|36:3 4|16:4 7|43:5 8|5:10 7|28:3 7|68:9 2|94:7 1|5:5 1|96:9 7|15:6 4|80:7 7|64:5 9|62:6 5|5:8 4|55:10 3|76:3 2|10:5 5|89:1 10|32:8 1|23:8 2|53:10 5|5:9 1|74:8 10|75:1 1|11:1 3|69:4 3|36:10 1|47:6 3|24:2 3|69:5 10|59:3 6|55:7 3|15:6 9|19:2 4|33:9 4|75:9 3|15:3 8|84:6 8|59:2 10|98:1 5|61:5 7|41:7 10|72:1 9|87:3 9|49:8 8|19:10 4|63:5 3|30:6 10|8:2 8|46:6 6|92:10 10|59:6 7|0:9 9|32:1 4|2:1 2|43:4 1|59:9 5|16:9 6|1:10 2|14:9 8|75:7 4|16:1 8|10:2 2|65:1 6|95:6 2|21:7 6|79:3 3|27:5 6|23:10 8|72:7 9|1:4 10|77:7 2|78:8 6|20:5 4|93:8 3|78:2 9|72:7 5|19:10 9|96:8 7|17:4 4|82:10 6|48:3 1|5:1 7|29:2 6|59:4 2|73:3 5|14:2 5|91:6 1|17:7 8|41:4 8|34:3 10</relation>
		<relation arity="2" defaultCost="infinity" name="R14" nbTuples="100" semantics="soft">47:5 4|91:4 10|40:1 8|80:1 6|64:9 2|22:5 1|70:7 8|34:4 5|39:7 5|52:6 9|9:9 9|29:2 7|1:7 10|6:7 4|15:8 9|53:9 4|17:6 8|95:1 7|10:6 4|20:3 6|25:3 8|72:5 6|58:2 8|34:2 9|74:8 2|39:9 8|99:10 7|2:2 10|30:4 9|17:4 7|65:9 7|59:8 1|98:7 7|43:10 1|57:7 2|90:9 5|59:1 4|68:8 10|41:6 6|63:6 7|15:5 10|56:8 7|48:10 2|6:10 9|66:7 9|93:8 6|23:9 3|76:4 4|53:1 3|91:4 3|66:3 7|26:2 4|17:5 2|27:1 10|4:2 5|47:7 1|14:10 5|56:7 6|40:4 2|56:9 1|74:4 8|68:6 1|13:6 3|65:6 5|71:5 7|35:3 5|31:1 1|24:2 1|80:10 10|18:2 6|20:3 10|82:5 9|52:3 3|41:5 5|27:5 3|35:3 2|16:10 6|16:10 8|5:10 4|44:8 3|32:5 8|77:4 1|16:4 6|10:6 10|43:1 2|48:2 3|20:8 5|48:1 9|95:6 2|21:10 3|18:9 6|34:3 1|11:1 5|83:8 4|35:2 2|65:8 8|65:3 9|77:3 4|27:9 10|66:7 3</relation>
		<relation arity="2" defaultCost="infinity" name="R15" nbTuples="100" semantics="soft">27:4 9|93:10 2|22:8 5|61:9 8|65:4 1|77:10 9|74:2 2|24:10 5|54:6 1|52:7 8|3:1 5|38:1 10|65:9 9|84:3 7|55:10 1|19:7 6|95:5 6|26:7 7|77:1 3|20:1 4|27:8 2|79:1 6|86:5 4|2:2 6|94:5 10|34:5 7|16:3 10|55:1 9|68:2 9|63:4 3|18:2 10|80:9 1|88:10 3|33:8 7|39:5 2|0:1 2|13:9 4|84:9 3|31:8 4|50:10 10|86:4 7|12:7 9|92:6 2|49:3 9|74:9 5|87:5 3|7:5 1|10:8 6|93:1 7|44:3 5|84:2 4|52:4 10|37:8 8|28:2 3|17:3 1|40:7 10|74:4 5|48:4 4|7:4 8|9:9 10|99:3 2|41:10 6|40:4 2|56:9 6|64:8 9|56:8 1|36:7 2|94:6 8|21:4 6|25:5 9|11:8 10|30:5 8|63:1 1|37:6 9|51:10 4|50:7 5|40:6 10|99:6 6|85:2 5|36:2 8|0:10 8|57:3 6|25:7 3|69:1 8|19:5 5|71:10 7|61:9 2|71:7 4|2:3 3|60:3 8|79:6 7|84:2 1|58:7 1|74:6 4|47:3 4|56:8 3|52:6 3|74:9 7|5:2 7|66:6 5</relation>
		<relation arity="2" defaultCost="infinity" name="R16" nbTuples="100" semantics="soft">39:5 7|75:1 7|34:8 7|28:2 9|87:7 9|15:1 9|16:10 8|61:5 1|11:5 2|93:10 4|82:2 3|37:2 2|64:1 6|55:6 2|12:6 8|29:9 7|63:3 10|56:4 3|53:7 4|42:1 2|0:5 4|27:8 3|53:10 3|25:5 6|8:9 1|75:8 8|92:6 9|78:3 1|61:4 6|77:9 9|6:5 5|17:6 10|78:2 1|53:5 8|82:9 4|72:4 10|13:8 9|37:10 2|66:10 9|34:7 5|62:4 5|59:10 5|95:10 10|91:7 7|92:5 10|74:10 6|53:4 7|15:6 1|73:7 1|47:7 8|23:8 1|58:4 4|99:1 3|96:8 5|45:2 8|91:3 2|96:9 8|93:7 3|94:7 6|82:8 2|68:1 1|12:9 6|38:1 5|34:3 6|55:6 7|80:9 2|78:4 2|91:2 6|60:3 5|93:10 1|88:1 4|19:1 8|83:4 8|3:2 7|27:6 3|91:3 8|69:3 9|53:8 10|28:2 10|29:4 9|67:5 9|99:9 3|28:6 6|14:7 10|93:10 7|53:3 3|81:2 5|97:5 3|90:9 5|29:6 5|26:8 6|72:1 10|25:3 4|16:9 10|14:2 4|81:8 4|16:4 1|31:3 7|85:7 2|64:6 4</relation>
		<relation arity="2" defaultCost="infinity" name="R17" nbTuples="100" semantics="soft">25:5 3|52:5 5|57:6 3|72:3 6|99:10 7|59:9 10|40:7 10|79:4 2|5:7 8|31:5 4|58:5 2|32:9 5|18:10 6|56:8 2|13:2 10|12:5 6|5:6 2|85:3 7|50:6 7|27:3 3|63:10 10|58:4 8|79:7 3|63:4 4|80:6 9|99:3 5|62:7 7|23:6 8|36:1 10|15:5 10|82:8 7|76:2 6|3:5 1|0:1 7|89:3 10|22:1 5|97:8 8|29:8 1|4:2 9|84:10 9|87:8 10|80:5 7|45:8 5|96:8 3|66:2 4|69:4 5|7:10 3|80:2 8|59:1 2|59:2 5|6:6 6|48:9 4|57:7 1|6:3 4|18:1 1|12:1 3|2:10 1|59:1 4|91:7 2|20:6 5|37:4 3|41:2 7|56:9 1|14:4 6|25:4 9|50:9 3|1:7 4|96:7 5|4:4 10|17:2 1|24:7 9|36:3 9|4:2 2|63:9 7|93:10 2|28:9 2|66:3 8|69:9 9|83:10 4|84:6 4|96:1 8|79:6 1|57:9 6|74:5 9|21:8 6|16:8 4|25:8 9|4:7 6|39:3 1|57:4 1|18:5 8|91:9 8|16:6 10|12:1 9|49:10 5|31:2 3|99:4 7|6:1 6|75:3 2|6:10 8</relation>
		<relation arity="2" defaultCost="infinity" name="R18" nbTuples="100" semantics="soft">19:8 3|25:2 7|38:5 6|62:2 5|25:10 2|89:7 9|4:6 2|26:3 6|46:2 6|73:7 3|48:8 4|51:5 8|28:1 10|37:6 10|53:5 2|11:7 7|57:8 5|21:8 2|18:9 5|2:7 1|47:1 8|1:9 3|93:2 3|41:3 7|38:10 5|17:9 4|80:2 10|28:4 8|41:4 6|31:9 8|33:9 6|70:6 7|36:4 9|27:6 6|12:1 4|86:4 2|53:6 8|92:10 1|61:9 7|78:10 4|87:4 1|69:1 5|88:7 6|89:9 2|36:10 7|17:6 1|39:1 9|87:4 5|55:8 9|53:2 8|19:3 1|36:4 4|7:5 9|54:5 5|11:3 4|0:7 5|5:7 4|68:9 9|23:8 7|74:5 3|93:4 3|7:3 10|72:9 10|59:5 1|78:3 5|21:7 2|25:8 1|63:7 8|8:3 8|74:5 4|2:1 3|66:2 9|27:6 5|24:5 7|7:10 10|87:10 8|62:10 9|85:4 7|19:3 9|15:1 1|11:1 6|76:8 6|34:4 10|91:10 6|34:3 2|78:5 10|73:2 4|48:3 3|52:6 3|97:8 10|19:2 2|4:8 8|33:1 7|92:7 10|69:9 1|10:6 4|67:6 9|42:2 1|50:10 3|13:1 2</relation>
		<relation arity="2" defaultCost="infinity" name="R19" nbTuples="100" semantics="soft">52:10 1|96:2 7|90:3 5|22:6 6|80:8 7|5:6 1|45:10 8|60:7 8|23:8 2|8:8 1|15:4 10|90:7 10|83:5 2|99:8 8|80:2 1|78:8 9|14:5 8|86:6 2|38:6 7|72:6 10|18:4 6|93:4 5|49:9 6|83:2 6|86:3 1|19:5 6|25:4 3|88:4 8|68:2 5|70:3 6|30:8 5|80:9 4|13:4 1|88:10 2|92:1 7|4:1 5|77:8 3|64:4 7|34:4 2|14:9 1|49:3 8|55:9 9|89:1 1|13:4 9|7:8 10|54:2 9|83:9 2|12:5 5|2:2 10|28:2 8|71:6 9|79:9 8|58:5 9|90:10 5|86:9 7|35:6 8|80:10 3|50:3 4|12:7 4|54:3 2|36:6 5|48:3 3|89:9 5|95:7 7|30:1 2|59:10 10|28:8 4|92:10 7|47:5 1|27:3 7|13:3 10|78:5 4|93:6 3|59:7 2|71:7 1|12:7 9|22:5 3|66:7 3|54:2 4|58:1 8|33:10 4|23:1 6|17:10 6|87:6 4|79:9 3|75:5 7|91:3 9|90:1 9|44:1 4|76:2 3|7:5 10|47:10 9|12:2 2|79:4 4|93:1 10|69:7 5|10:8 6|45:7 6|56:9 10|25:1 3</relation>
	</relations>
	<GuiPresentation benchmark="RandomDCOP" density="50" domainSize="10" model="TKC" name="instance10" nbAgents="10" nbConstraints="20" nbTuples="100" tightness="0" type="DCOP" />
</instance>