<?xml version='1.0' encoding='UTF-8'?>
<instance>
	<presentation benchmark="RandomDCOP" constraintModel="TKC" format="XDisCSP 1.0" model="Simple" name="instance10" type="DCOP" />
	<agents nbAgents="10">
		<agent description="agent 1" id="1" name="A1" />
		<agent description="agent 2" id="2" name="A2" />
		<agent description="agent 3" id="3" name="A3" />
		<agent description="agent 4" id="4" name="A4" />
		<agent description="agent 5" id="5" name="A5" />
		<agent description="agent 6" id="6" name="A6" />
		<agent description="agent 7" id="7" name="A7" />
		<agent description="agent 8" id="8" name="A8" />
		<agent description="agent 9" id="9" name="A9" />
		<agent description="agent 10" id="10" name="A10" />
	</agents>
	<domains nbDomains="1">
		<domain name="D1" nbValues="10">1..10</domain>
	</domains>
	<variables nbVariables="10">
		<variable agent="A1" description="variable 1.1" domain="D1" id="1" name="X1.1" />
		<variable agent="A2" description="variable 2.1" domain="D1" id="1" name="X2.1" />
		<variable agent="A3" description="variable 3.1" domain="D1" id="1" name="X3.1" />
		<variable agent="A4" description="variable 4.1" domain="D1" id="1" name="X4.1" />
		<variable agent="A5" description="variable 5.1" domain="D1" id="1" name="X5.1" />
		<variable agent="A6" description="variable 6.1" domain="D1" id="1" name="X6.1" />
		<variable agent="A7" description="variable 7.1" domain="D1" id="1" name="X7.1" />
		<variable agent="A8" description="variable 8.1" domain="D1" id="1" name="X8.1" />
		<variable agent="A9" description="variable 9.1" domain="D1" id="1" name="X9.1" />
		<variable agent="A10" description="variable 10.1" domain="D1" id="1" name="X10.1" />
	</variables>
	<constraints initialCost="0" maximalCost="infinity" nbConstraints="20">
		<constraint arity="2" model="TKC" name="C0" reference="R0" scope="X1.1 X10.1" />
		<constraint arity="2" model="TKC" name="C1" reference="R1" scope="X1.1 X7.1" />
		<constraint arity="2" model="TKC" name="C2" reference="R2" scope="X1.1 X3.1" />
		<constraint arity="2" model="TKC" name="C3" reference="R3" scope="X2.1 X5.1" />
		<constraint arity="2" model="TKC" name="C4" reference="R4" scope="X2.1 X10.1" />
		<constraint arity="2" model="TKC" name="C5" reference="R5" scope="X2.1 X6.1" />
		<constraint arity="2" model="TKC" name="C6" reference="R6" scope="X2.1 X8.1" />
		<constraint arity="2" model="TKC" name="C7" reference="R7" scope="X2.1 X9.1" />
		<constraint arity="2" model="TKC" name="C8" reference="R8" scope="X2.1 X7.1" />
		<constraint arity="2" model="TKC" name="C9" reference="R9" scope="X2.1 X3.1" />
		<constraint arity="2" model="TKC" name="C10" reference="R10" scope="X3.1 X9.1" />
		<constraint arity="2" model="TKC" name="C11" reference="R11" scope="X3.1 X8.1" />
		<constraint arity="2" model="TKC" name="C12" reference="R12" scope="X4.1 X6.1" />
		<constraint arity="2" model="TKC" name="C13" reference="R13" scope="X4.1 X10.1" />
		<constraint arity="2" model="TKC" name="C14" reference="R14" scope="X5.1 X6.1" />
		<constraint arity="2" model="TKC" name="C15" reference="R15" scope="X5.1 X10.1" />
		<constraint arity="2" model="TKC" name="C16" reference="R16" scope="X5.1 X8.1" />
		<constraint arity="2" model="TKC" name="C17" reference="R17" scope="X6.1 X8.1" />
		<constraint arity="2" model="TKC" name="C18" reference="R18" scope="X7.1 X8.1" />
		<constraint arity="2" model="TKC" name="C19" reference="R19" scope="X8.1 X9.1" />
	</constraints>
	<relations nbRelations="20">
		<relation arity="2" defaultCost="infinity" name="R0" nbTuples="100" semantics="soft">8:4 7|47:1 9|34:9 1|87:2 3|1:5 6|65:8 7|99:1 7|56:6 8|13:6 9|21:7 1|59:6 10|74:6 3|3:3 3|3:2 2|99:4 10|95:10 5|64:9 5|69:8 3|29:5 7|42:5 10|48:10 1|10:7 9|21:8 5|44:4 4|50:8 2|78:3 4|82:8 8|61:7 10|10:10 4|17:4 6|47:9 9|28:8 1|70:4 8|24:8 4|86:8 6|53:6 5|93:1 8|84:5 5|17:5 4|19:10 7|4:2 4|96:1 2|91:3 1|56:3 6|28:1 1|66:2 7|46:2 5|7:5 9|99:6 7|9:1 10|33:9 2|46:3 5|30:7 3|32:5 8|0:10 9|27:2 1|98:6 1|92:6 4|56:6 2|99:2 9|28:10 2|74:2 6|35:9 10|46:3 2|6:3 7|71:5 3|51:3 8|70:5 1|75:1 3|48:8 9|32:9 6|43:7 2|15:2 8|88:10 8|73:7 8|86:7 5|51:7 4|28:2 10|8:9 7|58:10 3|28:8 10|79:5 2|76:9 3|61:6 6|26:9 8|71:10 6|74:7 6|34:10 10|23:9 4|4:4 3|31:4 1|2:1 5|21:3 10|8:4 9|91:1 6|18:4 2|48:7 7|96:3 9|27:4 5|83:1 4</relation>
		<relation arity="2" defaultCost="infinity" name="R1" nbTuples="100" semantics="soft">75:8 8|97:6 10|76:2 8|66:4 8|13:7 10|1:5 7|58:6 4|41:1 7|42:9 5|36:10 7|54:6 5|14:4 6|71:10 1|76:4 9|85:9 4|13:1 1|66:7 1|15:7 8|51:10 5|13:7 6|80:6 9|19:4 5|27:8 1|20:9 3|2:8 5|18:7 3|66:1 10|75:3 4|61:6 6|38:4 4|21:8 6|76:8 7|46:2 3|35:5 3|27:6 8|99:5 8|3:8 9|20:7 5|18:4 10|40:4 1|56:1 5|10:10 3|89:1 3|94:4 2|94:7 9|1:5 9|37:3 3|43:6 1|64:10 9|16:1 8|40:3 8|58:2 4|52:1 6|98:4 3|71:10 8|19:8 2|2:5 5|69:7 2|36:9 1|28:3 5|0:4 7|35:3 10|77:6 2|25:10 6|78:3 9|3:8 3|58:8 4|99:2 5|43:6 3|14:3 2|58:2 2|51:9 9|63:5 6|7:5 4|38:2 9|27:10 2|75:2 10|70:3 7|27:5 1|78:3 6|70:6 7|14:9 6|80:7 7|92:9 8|54:9 7|46:2 7|11:10 10|68:2 1|89:7 4|50:3 1|11:1 9|77:1 4|93:5 10|11:2 6|27:10 4|34:1 2|32:5 2|69:9 2|30:8 10|91:9 10</relation>
		<relation arity="2" defaultCost="infinity" name="R2" nbTuples="100" semantics="soft">72:5 4|69:8 4|1:10 7|0:4 8|10:4 4|47:7 7|24:10 6|56:2 4|22:10 5|44:8 1|91:9 5|8:6 6|82:6 3|19:4 3|58:5 10|76:10 8|64:4 2|97:9 9|37:8 8|3:3 8|24:8 7|66:6 2|90:10 3|25:5 2|44:2 8|92:8 6|23:2 10|42:7 1|14:9 3|29:7 9|62:5 6|25:4 5|82:9 8|0:2 6|64:9 1|48:7 5|54:10 9|37:9 7|66:3 10|31:6 8|10:5 7|1:2 1|92:7 2|54:4 6|38:3 4|36:6 7|68:5 3|47:8 2|56:3 3|20:3 2|26:3 5|27:7 3|64:6 9|48:4 10|83:3 9|60:8 9|25:1 7|28:10 10|86:1 2|71:7 4|57:6 4|56:7 8|57:5 8|99:10 2|16:1 9|49:4 9|61:1 6|46:10 4|87:5 9|77:3 6|40:9 10|30:9 2|76:1 5|93:6 10|43:2 9|14:2 5|75:6 5|24:5 1|72:8 3|48:4 7|17:9 6|0:4 1|26:9 4|89:5 5|62:1 3|14:1 8|73:7 10|34:10 1|98:1 10|52:8 5|42:2 7|45:7 6|61:3 7|79:8 10|53:2 3|80:6 1|50:2 2|26:1 1|3:3 1|36:1 4</relation>
		<relation arity="2" defaultCost="infinity" name="R3" nbTuples="100" semantics="soft">38:10 10|47:2 1|15:10 6|82:1 1|71:2 7|62:9 10|56:5 9|62:3 7|82:6 5|0:7 10|88:7 5|93:7 7|17:9 5|14:9 7|85:5 2|73:10 9|41:1 6|93:5 6|40:9 8|6:1 7|33:3 2|23:6 8|4:7 6|57:7 4|2:1 2|91:1 9|73:10 8|47:6 1|1:2 3|68:10 7|27:7 8|56:4 7|67:7 2|90:7 9|34:9 2|10:8 8|98:9 6|48:8 3|61:6 2|34:6 4|29:10 2|90:3 3|27:4 3|49:9 1|26:5 4|93:8 4|2:8 6|89:2 10|99:4 4|16:2 4|96:3 1|38:4 8|0:6 3|17:2 8|92:5 1|41:3 8|50:4 6|56:4 9|41:5 5|46:4 10|23:5 3|37:8 2|64:10 1|40:8 7|4:5 8|10:1 8|65:10 3|42:6 7|53:2 5|82:9 3|50:2 6|57:3 10|72:8 5|78:5 10|40:7 1|82:1 5|62:3 6|27:9 9|39:5 7|75:1 4|20:3 9|70:3 4|50:10 5|20:4 5|38:2 2|0:6 9|60:6 10|26:1 3|48:4 1|24:3 5|25:6 6|40:7 3|11:2 9|87:8 10|93:1 10|14:8 1|15:10 4|74:9 4|98:4 2|73:8 9</relation>
		<relation arity="2" defaultCost="infinity" name="R4" nbTuples="100" semantics="soft">40:7 9|8:5 4|67:2 5|63:3 8|82:8 3|49:3 5|41:10 6|9:7 5|42:4 8|61:2 6|26:3 10|46:1 7|22:7 2|5:2 4|53:3 3|19:9 10|80:5 1|72:2 2|78:4 4|6:1 5|41:10 7|24:6 10|90:7 4|26:8 1|57:5 10|29:1 1|69:9 5|56:2 3|43:9 8|1:1 8|28:4 9|95:1 3|21:2 9|96:1 6|35:8 2|42:3 9|83:4 1|23:5 9|84:9 9|20:9 2|23:8 7|69:8 8|34:3 6|60:7 1|23:10 2|81:10 10|83:4 7|30:3 7|50:6 1|41:1 9|54:9 7|54:4 3|31:6 7|12:4 6|55:9 1|57:1 10|88:2 1|9:2 7|86:7 3|71:6 5|78:10 8|95:6 2|97:4 5|1:10 4|73:6 9|82:9 6|36:2 10|82:10 9|3:5 8|20:9 4|95:7 7|92:9 3|44:7 8|29:8 6|49:8 5|16:5 6|85:7 6|81:3 2|50:4 10|67:4 2|81:6 8|50:8 4|8:5 2|69:5 3|33:8 9|1:6 4|26:3 4|34:10 5|10:7 10|69:5 7|61:1 4|43:6 3|13:5 5|95:2 8|50:1 2|33:10 1|77:6 6|51:8 10|46:10 3|14:3 1</relation>
		<relation arity="2" defaultCost="infinity" name="R5" nbTuples="100" semantics="soft">5:2 1|74:7 3|43:7 9|93:6 4|29:2 6|28:10 6|71:3 5|47:2 3|49:5 1|50:7 6|17:10 3|62:7 1|2:8 7|49:10 10|91:5 9|85:4 5|66:3 9|68:9 10|48:8 9|30:5 10|95:2 2|5:1 2|7:7 10|93:3 8|46:2 4|60:10 4|10:5 5|88:3 7|40:3 3|67:5 3|93:4 6|95:8 3|58:8 6|45:9 1|50:6 5|3:4 4|46:5 6|83:4 7|88:3 1|1:4 9|14:6 6|22:2 5|33:3 10|97:8 8|56:2 7|13:7 4|53:10 1|35:5 7|95:10 5|48:2 8|53:1 1|92:7 7|39:9 9|83:7 2|83:9 2|68:1 9|35:9 8|73:1 6|56:7 8|76:8 2|96:6 3|41:6 1|70:10 9|36:7 5|84:6 7|59:9 7|23:8 4|73:10 7|24:4 3|55:5 8|47:1 7|65:8 1|8:3 2|80:9 3|33:10 2|72:9 5|69:6 2|53:1 10|75:4 10|90:10 8|7:8 10|83:4 2|80:3 4|87:6 8|23:6 9|60:9 4|96:1 4|12:1 3|76:1 5|58:5 2|11:3 6|24:9 6|1:8 5|92:4 8|14:5 4|8:1 8|98:4 1|45:6 10|73:2 9|21:2 10</relation>
		<relation arity="2" defaultCost="infinity" name="R6" nbTuples="100" semantics="soft">72:4 4|17:4 10|77:2 7|5:5 1|26:5 7|38:5 10|19:10 6|97:5 9|56:1 7|8:6 10|35:7 10|36:5 5|14:6 6|39:7 8|63:4 1|53:6 9|70:6 4|0:2 10|29:7 4|70:6 8|85:10 4|56:2 6|59:4 6|27:8 2|7:3 7|47:10 7|15:1 4|13:8 4|94:2 1|0:2 9|39:4 7|84:6 7|46:4 5|23:1 3|7:9 5|9:5 4|68:9 8|51:8 10|37:6 1|73:3 10|95:1 2|38:7 7|63:9 4|50:10 5|47:8 8|41:5 3|10:9 10|1:5 8|21:9 9|12:10 10|2:10 8|69:6 5|39:8 7|20:4 2|64:7 3|58:2 4|73:3 5|5:4 8|97:3 1|45:7 6|3:2 2|1:3 4|51:2 3|91:10 9|89:1 9|1:3 9|38:7 5|44:9 3|61:8 9|60:10 1|31:6 3|50:8 1|34:3 3|77:10 3|27:4 3|75:4 9|9:3 6|6:9 7|91:8 5|7:10 2|46:2 8|18:2 5|49:7 2|93:9 6|18:8 3|40:5 6|58:7 9|91:9 1|27:1 8|78:9 2|38:6 2|37:3 8|57:7 1|95:3 2|46:1 10|61:1 5|81:1 6|3:8 6|6:1 1|54:5 2</relation>
		<relation arity="2" defaultCost="infinity" name="R7" nbTuples="100" semantics="soft">86:6 1|8:9 2|45:2 5|4:4 6|37:3 6|45:9 3|44:8 4|48:3 4|16:8 10|15:5 8|41:4 1|24:1 2|7:8 3|34:7 9|47:7 6|89:2 10|3:9 6|15:5 4|70:3 5|42:10 8|40:3 2|86:10 5|84:7 4|57:3 7|86:10 7|92:2 9|39:2 7|99:1 7|10:10 4|33:10 1|95:3 8|62:3 1|88:5 1|1:9 8|65:10 6|68:9 4|41:8 7|22:1 3|33:6 5|68:1 1|96:1 9|17:2 1|84:7 5|27:2 4|15:5 9|76:5 10|44:4 3|54:9 7|39:6 7|18:1 10|77:5 5|13:7 1|17:6 10|70:4 9|31:6 3|50:3 3|25:6 2|24:4 2|31:6 9|78:6 6|70:4 4|43:8 5|28:1 8|15:7 7|39:4 10|85:3 9|12:9 1|6:1 6|48:3 10|73:8 1|19:8 9|45:2 8|98:7 2|38:6 4|10:7 8|5:6 8|43:10 3|65:4 8|51:4 7|76:8 2|90:2 6|95:4 5|14:7 10|16:2 2|37:10 2|35:5 7|16:7 3|60:1 5|64:9 5|13:5 2|66:2 3|94:9 9|92:1 4|87:5 6|94:10 9|62:10 10|84:8 8|86:9 10|67:5 3|68:8 6</relation>
		<relation arity="2" defaultCost="infinity" name="R8" nbTuples="100" semantics="soft">40:7 5|67:7 10|84:10 9|80:5 5|77:8 10|61:2 10|41:3 10|0:3 3|34:6 1|63:7 7|4:2 3|40:3 9|8:3 6|32:7 8|63:2 4|62:7 3|26:1 1|2:3 2|4:2 8|86:6 10|26:7 4|85:6 8|19:3 4|48:2 7|51:9 10|64:5 9|64:1 8|87:10 10|1:6 4|39:9 1|70:6 7|38:4 1|77:2 5|70:10 3|57:9 3|90:9 8|65:5 1|50:5 4|27:2 9|20:4 9|73:5 3|0:5 2|43:10 4|57:9 5|91:10 2|79:2 2|46:9 6|58:10 8|56:8 3|76:4 7|51:8 6|75:1 10|3:8 5|13:10 6|88:5 8|15:10 7|74:7 2|81:9 9|66:7 1|81:8 8|70:8 2|96:8 9|84:4 6|40:9 4|69:8 1|23:5 10|65:7 9|33:8 7|46:4 5|31:3 1|24:3 8|46:1 9|19:1 2|94:6 9|80:3 7|64:6 2|22:4 2|61:5 6|90:5 7|63:1 4|89:8 4|22:4 10|47:3 5|16:6 5|42:1 5|20:2 6|41:7 6|83:9 2|40:4 4|58:4 3|2:10 1|68:6 3|10:9 7|19:10 5|23:2 1|72:1 7|18:4 8|59:1 3|95:1 6|96:6 6</relation>
		<relation arity="2" defaultCost="infinity" name="R9" nbTuples="100" semantics="soft">11:7 7|40:2 5|63:5 5|46:9 9|79:3 2|9:6 10|14:1 6|4:6 9|9:4 1|13:8 5|80:3 6|62:1 1|82:10 7|16:6 5|41:8 2|15:5 7|89:10 4|79:7 5|87:4 6|91:6 7|4:6 6|75:2 1|82:5 8|73:9 1|56:7 2|15:3 10|67:3 8|82:5 3|71:4 4|59:2 2|72:9 4|29:7 1|80:4 9|31:6 2|89:9 8|69:4 5|79:8 9|37:3 3|14:5 6|24:9 3|82:5 2|55:4 7|11:5 1|73:5 9|77:7 10|5:10 3|53:3 9|21:2 6|85:3 7|11:7 9|27:8 8|92:9 6|16:7 3|82:8 4|99:1 10|70:8 10|88:3 1|50:10 6|35:9 5|39:10 1|66:8 3|94:7 8|32:10 9|60:8 1|85:6 3|79:10 5|25:1 5|1:5 10|79:5 4|49:4 2|90:2 8|34:10 8|58:1 7|15:9 2|22:2 7|14:3 5|52:2 9|92:1 4|55:9 7|48:2 4|36:10 2|62:6 8|98:1 2|74:8 7|89:4 3|0:6 1|33:7 6|96:1 9|66:1 8|7:3 4|99:1 3|46:6 4|37:4 8|42:9 10|23:4 10|79:10 10|74:7 4|45:2 3|35:2 10|62:8 6</relation>
		<relation arity="2" defaultCost="infinity" name="R10" nbTuples="100" semantics="soft">8:5 8|89:5 3|70:10 7|8:7 4|38:3 4|71:8 6|63:1 7|95:4 9|45:10 10|94:9 4|5:5 10|89:4 3|1:3 8|46:5 5|44:7 1|55:2 6|45:3 9|20:7 5|8:9 6|66:4 5|58:9 10|57:5 4|23:8 1|64:5 6|67:8 5|94:10 1|6:3 5|66:7 9|86:10 4|60:3 10|72:8 9|6:8 2|41:3 6|13:7 7|41:10 2|44:8 3|26:7 2|0:5 2|93:4 4|30:1 9|16:4 10|56:5 1|81:1 3|70:1 8|67:6 9|67:4 7|3:6 1|71:2 8|1:10 3|0:6 4|87:1 6|8:3 3|53:6 7|63:8 10|92:9 2|41:8 4|95:9 3|29:9 8|14:3 7|38:9 1|59:2 3|2:10 6|86:6 6|53:7 10|83:10 9|51:5 7|9:8 8|9:5 9|86:10 5|6:4 8|92:6 3|37:4 6|97:2 4|17:4 1|60:2 5|8:6 10|88:6 8|23:3 1|75:2 9|36:4 2|35:2 2|32:3 2|22:1 5|3:1 4|3:1 10|2:2 10|66:9 5|93:6 2|19:1 1|52:2 1|21:1 2|98:8 7|98:6 5|52:2 7|92:9 9|49:7 6|33:7 8|38:7 3|37:10 8|0:9 7</relation>
		<relation arity="2" defaultCost="infinity" name="R11" nbTuples="100" semantics="soft">41:10 7|35:2 1|99:7 10|42:9 5|85:4 1|85:3 4|38:4 10|94:7 9|70:3 3|69:10 6|40:1 10|64:3 1|73:10 1|22:7 8|47:5 2|68:9 8|59:8 2|12:10 4|13:5 1|92:4 9|31:6 2|5:2 6|24:2 7|74:3 9|43:5 8|47:5 9|29:10 3|22:9 3|0:6 5|37:6 6|19:3 5|45:8 6|7:4 4|0:1 7|99:1 1|80:5 6|85:2 2|19:3 7|37:2 8|27:4 3|79:7 4|94:8 4|53:5 5|21:2 4|90:1 2|20:1 9|66:9 1|97:7 5|47:4 2|50:10 8|85:9 4|4:9 9|15:1 6|93:5 7|38:8 1|72:2 10|86:10 2|59:10 9|22:3 6|72:8 9|26:3 8|37:8 7|23:6 7|0:7 7|88:4 6|54:1 8|33:5 4|81:4 7|6:2 9|93:7 1|31:3 10|91:7 2|65:4 8|15:8 5|43:9 7|70:8 10|17:6 1|90:5 3|35:1 4|55:8 8|49:6 9|93:1 5|44:10 5|44:10 10|82:2 3|37:6 3|36:6 4|34:7 6|91:2 5|16:8 3|3:6 8|57:1 3|51:9 2|52:6 10|46:3 2|86:9 6|37:7 3|81:9 10|52:4 5|80:5 10</relation>
		<relation arity="2" defaultCost="infinity" name="R12" nbTuples="100" semantics="soft">3:10 9|57:1 4|43:6 6|17:4 4|86:8 3|99:8 2|3:1 10|69:2 2|67:6 7|16:10 6|50:10 5|6:9 10|98:4 10|17:5 9|71:5 4|80:9 2|63:5 8|17:5 6|93:5 2|12:1 6|77:3 1|13:1 1|52:8 8|11:2 6|0:3 7|69:2 5|56:8 9|67:1 2|29:5 1|36:7 10|28:4 9|6:8 4|46:7 5|12:10 8|78:9 5|32:6 10|62:5 10|45:9 3|5:2 10|61:3 5|38:2 8|54:1 3|29:4 7|96:10 7|83:9 1|68:5 7|92:6 1|48:10 2|48:3 9|69:6 2|4:4 5|27:3 2|85:9 8|4:8 10|23:2 7|82:9 9|5:8 1|56:2 4|80:10 4|72:4 2|84:7 8|99:1 9|46:4 1|37:9 6|49:7 4|34:4 6|31:1 8|45:8 5|92:8 7|11:6 3|18:7 9|71:5 3|0:2 1|25:5 5|18:3 10|11:9 4|63:10 1|83:3 4|97:6 5|3:9 7|5:7 1|27:4 8|43:3 3|32:7 3|19:6 9|26:10 10|96:7 6|43:7 2|58:7 7|24:10 3|73:8 6|39:4 3|91:1 7|56:2 9|22:6 8|24:6 4|71:3 8|73:3 6|23:1 5|97:2 3</relation>
		<relation arity="2" defaultCost="infinity" name="R13" nbTuples="100" semantics="soft">13:4 6|64:1 3|1:10 6|13:6 1|7:6 3|40:2 2|86:4 5|66:7 8|48:7 6|64:8 8|79:2 8|62:3 4|70:3 10|21:7 7|3:10 8|91:6 7|50:8 3|92:5 3|84:5 2|45:4 3|79:1 1|99:1 7|56:4 1|27:6 5|49:4 2|58:5 1|23:10 5|93:5 7|13:10 4|59:3 5|56:3 9|77:5 10|99:8 2|33:7 3|58:5 9|22:7 1|26:1 5|17:4 10|22:1 8|11:3 6|35:5 4|43:3 8|68:9 6|95:5 5|60:10 1|1:4 9|95:6 9|59:9 1|60:6 8|19:9 5|26:1 9|22:10 7|50:8 5|63:3 7|47:9 3|13:7 10|99:3 1|84:6 6|57:2 10|98:1 2|3:9 2|21:6 10|56:1 4|22:7 9|93:6 4|12:9 10|92:7 5|45:8 7|19:10 9|3:5 8|83:2 4|62:9 8|60:7 2|97:10 3|32:1 6|47:4 7|45:6 2|16:3 3|0:8 10|46:8 9|16:2 5|34:9 4|6:2 3|42:10 2|87:4 8|27:2 9|31:8 4|40:2 6|6:3 2|1:10 10|17:9 7|31:2 1|82:4 4|11:8 1|89:5 6|21:1 10|77:2 7|1:9 9|68:8 6|25:7 4</relation>
		<relation arity="2" defaultCost="infinity" name="R14" nbTuples="100" semantics="soft">90:4 6|4:8 6|50:6 8|30:5 2|88:2 4|72:2 2|93:10 5|3:9 3|10:2 5|42:7 3|90:4 4|46:3 9|30:10 6|72:6 4|3:4 8|87:1 9|88:10 3|25:3 2|94:7 8|23:5 7|49:6 1|76:6 2|51:1 6|78:2 8|43:1 10|56:6 7|70:7 2|39:4 9|23:7 10|45:8 5|50:2 7|7:3 8|28:6 10|61:7 4|73:6 6|89:9 7|47:4 10|25:8 7|32:5 1|36:6 3|32:9 10|97:5 9|72:9 9|37:10 2|56:7 1|41:3 3|48:3 6|16:6 5|74:5 8|60:2 1|81:8 9|31:4 7|25:1 7|3:1 3|98:10 7|25:9 2|40:10 8|29:1 1|21:10 10|56:9 6|95:2 10|19:1 8|25:9 5|22:7 6|45:4 3|34:4 2|46:3 1|88:9 8|27:1 4|87:8 3|43:4 5|56:8 1|78:7 5|48:7 9|36:8 2|61:2 6|35:5 10|43:10 4|58:9 1|35:3 4|51:1 5|33:3 5|86:3 10|64:9 4|39:10 9|31:2 3|98:8 10|77:1 2|55:8 8|40:8 4|73:7 7|75:4 1|61:5 5|82:3 7|73:2 9|91:6 9|14:10 1|21:5 4|64:5 6|57:5 3</relation>
		<relation arity="2" defaultCost="infinity" name="R15" nbTuples="100" semantics="soft">98:3 1|97:7 10|29:9 9|66:4 4|34:8 10|39:8 3|36:3 3|87:10 7|36:6 10|43:4 9|33:2 1|96:2 9|38:10 2|32:10 6|28:3 8|64:8 5|19:2 7|48:9 3|20:3 9|34:2 3|29:8 6|9:6 6|31:5 5|43:9 10|86:2 10|57:10 9|34:9 1|31:10 1|1:10 5|81:3 2|56:6 3|17:8 7|29:5 1|65:4 3|24:2 6|34:9 8|94:7 4|74:5 10|38:4 10|43:2 8|32:1 2|33:5 2|87:6 8|32:4 2|52:8 8|82:1 7|54:5 8|41:2 5|90:7 9|25:9 6|84:3 5|20:1 6|97:5 4|66:6 4|5:1 1|74:1 5|57:7 3|82:1 3|75:2 2|40:5 7|68:4 7|18:5 6|96:4 8|79:7 6|61:10 3|16:6 1|24:7 2|62:10 10|87:10 4|91:6 7|34:9 4|56:6 5|27:3 7|45:5 3|43:6 2|43:1 8|85:10 8|70:1 9|61:8 1|79:7 1|35:4 1|55:3 4|43:8 4|75:3 10|5:1 10|64:4 5|85:3 6|27:7 7|78:8 2|5:6 9|43:2 4|63:7 8|28:9 7|71:5 9|78:8 9|27:9 5|45:9 2|97:7 5|82:1 4|79:4 6</relation>
		<relation arity="2" defaultCost="infinity" name="R16" nbTuples="100" semantics="soft">61:1 3|72:1 10|57:4 6|20:1 7|20:5 1|56:1 4|26:7 3|99:1 5|94:4 4|5:7 5|7:2 5|58:4 3|27:2 3|83:5 8|59:2 10|91:6 1|70:3 10|71:4 5|17:4 7|57:6 4|15:10 1|58:8 9|41:10 3|53:7 2|2:3 5|31:2 6|8:9 8|76:9 7|47:6 3|39:6 10|90:9 4|65:1 1|54:5 10|49:3 3|57:10 7|16:8 4|84:8 10|74:2 2|14:6 6|13:5 6|85:8 5|69:10 2|10:6 5|52:9 9|85:5 2|40:3 7|6:9 3|66:2 7|21:5 7|26:5 4|82:3 9|63:8 1|38:7 6|91:4 2|34:3 8|1:5 5|14:1 8|16:10 6|57:10 9|21:2 1|16:3 6|33:8 3|26:6 2|85:7 7|43:4 9|51:1 6|12:7 9|4:5 9|74:3 1|19:8 6|77:2 8|70:2 4|70:7 10|35:7 1|56:8 8|8:9 6|33:7 4|81:4 8|81:6 9|32:10 4|97:2 9|45:8 7|35:10 8|11:4 1|58:9 10|75:6 8|70:3 2|23:9 5|12:5 3|11:9 1|67:10 5|16:4 10|15:8 2|67:7 8|73:3 4|66:6 7|77:1 9|85:9 2|22:10 10|83:1 2</relation>
		<relation arity="2" defaultCost="infinity" name="R17" nbTuples="100" semantics="soft">28:9 6|4:4 10|63:5 3|58:10 9|97:1 3|69:9 2|1:3 6|82:4 6|91:10 7|88:9 1|17:3 8|16:7 5|66:10 10|45:9 8|60:8 7|42:7 2|47:4 3|86:4 8|75:5 1|15:7 10|29:1 4|79:9 7|88:6 6|46:10 4|54:2 7|35:5 10|61:3 2|64:10 8|71:8 6|6:6 5|14:10 3|24:5 5|27:5 6|44:3 10|47:10 6|2:7 9|56:3 1|32:3 9|5:7 4|50:10 5|65:7 1|4:6 10|36:2 8|38:4 5|82:4 2|57:4 9|61:4 1|49:3 7|48:9 10|1:6 1|66:8 5|66:10 2|17:2 6|96:3 4|50:5 4|55:7 8|37:2 10|70:8 8|57:3 3|27:1 2|16:5 8|65:1 10|16:6 9|70:2 5|14:6 4|72:1 8|11:2 2|71:9 5|42:6 3|49:9 3|70:4 4|98:1 7|70:1 6|40:8 9|13:3 5|66:5 7|32:8 4|18:8 1|55:2 3|59:2 1|96:9 4|68:9 9|38:2 9|90:1 9|98:6 7|29:2 4|17:7 7|92:7 3|9:5 9|1:5 2|41:8 10|69:8 2|67:4 7|88:1 5|44:7 6|62:6 8|74:1 1|20:6 2|70:8 3|25:10 1</relation>
		<relation arity="2" defaultCost="infinity" name="R18" nbTuples="100" semantics="soft">36:3 6|8:1 5|47:7 4|70:5 3|49:2 1|38:7 1|69:5 7|26:3 9|10:9 6|60:10 5|14:7 7|4:2 5|5:2 9|17:6 6|83:6 3|71:7 10|78:9 1|6:2 6|58:9 8|3:7 5|36:1 6|33:9 10|2:3 7|35:2 7|86:8 6|13:4 7|63:8 8|26:1 7|82:8 5|68:10 6|98:4 6|65:7 2|91:9 5|71:7 3|66:4 10|58:10 1|73:1 2|44:4 2|45:8 3|86:4 4|79:8 2|77:10 9|62:1 8|24:4 5|50:1 4|58:8 7|34:5 2|93:6 1|65:6 10|79:1 10|78:2 4|75:3 2|90:2 10|71:3 1|51:4 3|37:3 8|59:7 9|44:2 8|33:4 9|85:2 2|75:3 3|47:10 3|77:8 9|53:6 9|77:10 2|40:5 10|64:10 4|0:9 2|15:6 2|6:4 8|24:1 9|12:5 5|59:9 4|94:5 6|76:2 3|8:10 10|86:4 1|57:6 5|6:6 8|55:3 4|63:1 3|12:1 1|79:10 8|66:8 1|27:6 7|55:7 8|2:8 4|28:5 8|19:9 7|69:6 4|48:5 9|97:5 4|5:5 1|32:3 10|22:9 9|47:8 10|43:10 7|48:3 5|51:7 6|73:9 3</relation>
		<relation arity="2" defaultCost="infinity" name="R19" nbTuples="100" semantics="soft">5:7 1|59:7 2|9:8 1|12:7 5|92:8 3|65:4 2|5:9 4|88:8 8|84:2 5|85:7 3|24:10 10|44:3 3|86:2 3|23:2 7|93:10 6|95:4 4|78:1 2|66:9 7|19:5 10|10:10 3|16:6 5|32:9 5|91:8 10|71:5 3|4:2 1|69:7 9|25:2 9|15:6 1|81:4 5|55:4 9|95:7 8|48:10 8|28:3 8|45:3 4|12:5 7|46:4 6|61:5 9|94:10 4|2:8 9|10:6 2|33:5 6|82:1 8|25:6 7|36:8 5|72:9 9|69:6 4|21:9 3|37:7 6|2:9 1|72:2 8|45:9 2|96:7 4|48:10 7|78:2 10|32:6 8|81:2 2|85:8 4|99:3 9|14:3 1|94:7 10|73:10 2|89:4 7|33:1 9|5:10 5|93:3 6|9:5 5|24:5 8|66:3 10|35:1 3|12:9 8|74:5 4|67:1 6|31:8 2|70:6 3|71:6 9|15:1 10|74:5 1|98:6 10|54:4 1|15:1 1|34:8 7|2:10 9|28:2 6|26:6 6|42:4 3|84:3 7|51:3 2|30:7 7|20:5 2|47:8 6|45:4 10|0:4 8|85:2 4|66:9 6|63:1 4|52:1 5|81:9 10|0:10 1|53:3 5|52:1 7</relation>
	</relations>
	<GuiPresentation benchmark="RandomDCOP" density="50" domainSize="10" model="TKC" name="instance10" nbAgents="10" nbConstraints="20" nbTuples="100" tightness="0" type="DCOP" />
</instance>