<?xml version='1.0' encoding='UTF-8'?>
<instance>
	<presentation benchmark="RandomDCOP" constraintModel="TKC" format="XDisCSP 1.0" model="Simple" name="instance10" type="DCOP" />
	<agents nbAgents="10">
		<agent description="agent 1" id="1" name="A1" />
		<agent description="agent 2" id="2" name="A2" />
		<agent description="agent 3" id="3" name="A3" />
		<agent description="agent 4" id="4" name="A4" />
		<agent description="agent 5" id="5" name="A5" />
		<agent description="agent 6" id="6" name="A6" />
		<agent description="agent 7" id="7" name="A7" />
		<agent description="agent 8" id="8" name="A8" />
		<agent description="agent 9" id="9" name="A9" />
		<agent description="agent 10" id="10" name="A10" />
	</agents>
	<domains nbDomains="1">
		<domain name="D1" nbValues="10">1..10</domain>
	</domains>
	<variables nbVariables="10">
		<variable agent="A1" description="variable 1.1" domain="D1" id="1" name="X1.1" />
		<variable agent="A2" description="variable 2.1" domain="D1" id="1" name="X2.1" />
		<variable agent="A3" description="variable 3.1" domain="D1" id="1" name="X3.1" />
		<variable agent="A4" description="variable 4.1" domain="D1" id="1" name="X4.1" />
		<variable agent="A5" description="variable 5.1" domain="D1" id="1" name="X5.1" />
		<variable agent="A6" description="variable 6.1" domain="D1" id="1" name="X6.1" />
		<variable agent="A7" description="variable 7.1" domain="D1" id="1" name="X7.1" />
		<variable agent="A8" description="variable 8.1" domain="D1" id="1" name="X8.1" />
		<variable agent="A9" description="variable 9.1" domain="D1" id="1" name="X9.1" />
		<variable agent="A10" description="variable 10.1" domain="D1" id="1" name="X10.1" />
	</variables>
	<constraints initialCost="0" maximalCost="infinity" nbConstraints="21">
		<constraint arity="2" model="TKC" name="C0" reference="R0" scope="X1.1 X5.1" />
		<constraint arity="2" model="TKC" name="C1" reference="R1" scope="X1.1 X2.1" />
		<constraint arity="2" model="TKC" name="C2" reference="R2" scope="X2.1 X5.1" />
		<constraint arity="2" model="TKC" name="C3" reference="R3" scope="X2.1 X9.1" />
		<constraint arity="2" model="TKC" name="C4" reference="R4" scope="X2.1 X3.1" />
		<constraint arity="2" model="TKC" name="C5" reference="R5" scope="X2.1 X6.1" />
		<constraint arity="2" model="TKC" name="C6" reference="R6" scope="X2.1 X4.1" />
		<constraint arity="2" model="TKC" name="C7" reference="R7" scope="X3.1 X7.1" />
		<constraint arity="2" model="TKC" name="C8" reference="R8" scope="X3.1 X6.1" />
		<constraint arity="2" model="TKC" name="C9" reference="R9" scope="X3.1 X9.1" />
		<constraint arity="2" model="TKC" name="C10" reference="R10" scope="X4.1 X8.1" />
		<constraint arity="2" model="TKC" name="C11" reference="R11" scope="X4.1 X7.1" />
		<constraint arity="2" model="TKC" name="C12" reference="R12" scope="X5.1 X10.1" />
		<constraint arity="2" model="TKC" name="C13" reference="R13" scope="X5.1 X8.1" />
		<constraint arity="2" model="TKC" name="C14" reference="R14" scope="X5.1 X7.1" />
		<constraint arity="2" model="TKC" name="C15" reference="R15" scope="X6.1 X10.1" />
		<constraint arity="2" model="TKC" name="C16" reference="R16" scope="X7.1 X9.1" />
		<constraint arity="2" model="TKC" name="C17" reference="R17" scope="X7.1 X10.1" />
		<constraint arity="2" model="TKC" name="C18" reference="R18" scope="X8.1 X9.1" />
		<constraint arity="2" model="TKC" name="C19" reference="R19" scope="X8.1 X10.1" />
		<constraint arity="2" model="TKC" name="C20" reference="R20" scope="X9.1 X10.1" />
	</constraints>
	<relations nbRelations="21">
		<relation arity="2" defaultCost="infinity" name="R0" nbTuples="100" semantics="soft">5:4 5|34:2 9|12:7 9|55:3 5|83:8 1|22:5 4|18:7 10|70:2 3|46:9 9|5:5 9|19:4 3|31:5 10|46:2 6|10:8 3|75:3 1|14:3 7|71:1 8|71:6 10|5:8 7|39:8 9|96:5 1|52:5 2|36:6 9|37:1 4|38:9 3|47:3 2|77:7 5|70:10 4|11:1 7|93:4 7|98:5 5|1:1 3|55:2 10|22:6 2|73:4 9|23:6 6|95:1 5|39:10 10|54:8 10|83:7 8|62:9 5|83:9 6|34:4 1|74:2 2|11:6 8|4:3 3|50:9 8|86:10 3|78:4 8|70:6 5|52:3 6|54:7 2|89:4 10|86:8 5|19:5 8|38:7 3|10:2 5|79:10 1|62:4 6|56:7 7|3:9 10|64:8 6|45:1 1|52:6 1|2:6 3|4:2 7|16:2 4|90:3 4|20:10 9|33:4 2|2:7 4|19:8 2|26:2 8|82:5 6|55:10 8|98:3 10|44:10 5|76:1 9|41:3 9|12:8 8|44:3 8|35:7 6|86:6 7|42:9 1|85:6 4|30:8 4|17:5 7|45:2 1|90:10 6|9:9 7|53:10 2|58:4 4|25:7 1|71:1 6|41:9 4|35:9 2|76:10 7|48:5 3|98:1 10|79:1 2</relation>
		<relation arity="2" defaultCost="infinity" name="R1" nbTuples="100" semantics="soft">99:5 5|47:6 1|62:5 2|87:10 9|16:7 3|80:5 3|85:5 8|30:2 8|62:5 7|11:3 4|73:3 10|31:2 3|43:2 1|13:1 4|76:9 6|60:1 2|83:5 10|21:4 7|36:8 10|92:8 2|0:10 6|25:6 4|27:3 9|40:8 1|20:2 6|83:7 2|89:8 6|65:7 10|54:9 3|74:3 7|12:8 3|99:9 5|11:7 7|52:1 10|43:8 7|16:7 1|1:10 8|42:1 1|97:5 4|5:9 2|78:4 10|58:3 6|55:4 4|21:8 9|84:6 5|87:6 7|75:4 8|13:9 9|84:4 6|42:8 4|26:3 8|51:10 10|64:7 9|94:3 1|74:2 9|68:10 2|73:8 5|68:8 8|55:2 2|8:3 5|30:9 8|74:10 7|83:10 1|16:1 5|97:7 4|3:9 4|16:9 7|62:5 1|41:5 9|57:4 1|77:7 8|47:1 8|43:4 3|13:6 6|24:5 6|57:2 7|5:1 9|94:4 2|88:3 3|36:1 3|84:10 5|25:1 7|27:6 10|64:9 10|70:10 4|87:6 9|50:2 5|2:9 1|77:1 6|59:3 2|32:4 9|3:6 3|96:6 8|49:2 10|10:7 5|31:7 6|29:6 2|32:4 5|29:2 4|36:10 3</relation>
		<relation arity="2" defaultCost="infinity" name="R2" nbTuples="100" semantics="soft">43:5 2|23:2 6|88:8 1|93:5 3|35:10 8|20:7 9|93:9 2|32:4 9|91:1 9|33:4 4|1:5 7|12:1 7|84:3 1|52:5 8|19:1 10|39:4 7|73:6 9|72:4 8|3:5 10|18:5 6|54:4 5|50:2 7|17:4 6|62:9 4|58:9 8|77:2 1|7:6 5|60:9 10|96:6 8|89:8 4|78:8 10|73:2 9|72:6 4|78:6 3|12:9 7|16:1 3|69:7 8|9:7 4|6:1 8|32:3 10|70:3 2|68:9 3|46:4 3|63:3 8|28:7 7|84:8 9|75:1 1|44:2 10|40:7 6|44:10 10|49:7 5|71:4 10|49:5 4|53:1 5|18:6 7|51:1 2|44:6 6|83:9 6|90:10 2|75:4 2|93:8 3|88:2 5|35:3 6|43:3 3|44:1 4|88:1 6|16:3 5|16:8 7|32:10 6|67:8 2|14:8 5|73:9 5|37:2 4|85:10 3|67:5 9|95:6 10|94:7 1|79:3 9|85:2 2|17:7 10|84:10 4|40:2 3|83:9 9|93:2 8|3:9 1|31:10 9|66:3 7|60:10 1|94:6 1|68:8 6|13:4 1|78:5 1|11:10 7|71:3 4|88:8 8|47:10 5|6:7 2|11:7 3|11:5 5|80:6 2</relation>
		<relation arity="2" defaultCost="infinity" name="R3" nbTuples="100" semantics="soft">35:5 9|96:2 3|78:5 10|90:6 6|62:5 2|53:2 5|99:6 10|20:9 4|72:9 10|42:5 4|21:9 3|2:7 8|78:4 7|43:3 2|93:3 1|43:4 3|92:5 6|27:7 4|30:9 7|83:5 3|25:1 7|14:1 5|36:10 4|17:4 10|52:1 1|52:10 10|58:10 8|61:4 5|17:3 6|9:3 4|90:5 8|64:6 7|58:7 1|83:2 7|37:8 10|66:9 2|12:9 6|40:3 8|90:7 7|85:7 3|62:4 4|45:5 5|82:2 4|11:5 7|52:1 8|86:8 7|56:1 2|55:6 3|2:3 3|94:9 8|33:6 1|18:2 2|64:10 6|75:4 9|98:7 9|68:4 1|32:10 1|79:10 9|55:4 8|90:6 2|93:3 5|5:8 8|67:1 4|72:2 9|17:3 9|8:8 5|75:2 10|12:8 1|20:1 9|62:3 7|0:8 2|8:9 1|28:8 6|18:2 8|82:10 2|18:7 10|34:10 7|3:7 5|23:2 1|99:9 9|2:1 3|2:9 5|58:4 6|73:4 2|46:8 9|20:1 6|63:7 2|15:6 4|16:8 4|78:2 6|71:6 5|27:7 6|89:3 10|2:1 10|32:5 1|52:6 9|95:10 5|47:10 3|60:8 3|72:6 8</relation>
		<relation arity="2" defaultCost="infinity" name="R4" nbTuples="100" semantics="soft">59:2 5|38:3 10|18:2 3|47:7 6|50:7 3|21:9 7|40:3 8|20:8 8|71:5 8|6:9 5|52:1 9|1:10 7|75:3 7|5:1 4|98:1 8|48:2 4|22:10 10|37:2 10|79:2 7|95:4 4|32:7 9|34:3 1|45:1 3|42:1 1|89:5 4|38:4 7|78:10 4|23:8 7|43:2 8|98:10 6|39:3 3|22:6 2|90:9 4|82:10 8|37:5 6|14:3 9|78:9 3|52:5 1|31:10 5|73:8 4|4:1 5|70:4 6|83:8 10|57:1 6|18:9 2|79:8 5|22:6 4|34:7 4|87:7 2|11:9 1|78:2 6|39:6 1|26:1 2|60:8 1|0:3 2|10:5 3|90:4 2|11:9 6|33:1 10|30:2 1|83:4 3|12:7 5|40:9 9|13:4 5|89:6 5|41:8 9|91:8 2|63:9 10|68:7 8|76:5 5|93:1 7|38:3 6|31:5 7|89:10 9|9:4 10|52:8 6|76:4 1|7:3 5|14:2 9|11:6 10|46:6 8|66:5 2|63:6 9|82:7 1|55:5 10|17:10 2|77:6 7|17:9 8|57:6 3|45:6 6|90:5 9|35:3 4|91:7 10|6:10 1|39:4 9|31:7 7|75:8 3|44:4 8|46:10 3|71:2 2</relation>
		<relation arity="2" defaultCost="infinity" name="R5" nbTuples="100" semantics="soft">63:6 4|49:10 5|12:9 2|96:5 10|73:1 9|26:4 5|59:10 4|94:1 3|50:10 6|20:1 6|2:3 1|97:10 1|20:1 4|14:8 9|37:5 5|15:3 10|14:1 8|36:5 8|63:7 7|72:9 1|47:7 4|9:3 7|62:8 10|92:1 5|12:8 2|82:4 8|30:5 6|37:4 1|37:3 5|98:10 2|97:10 10|38:8 6|73:9 9|58:7 6|96:10 8|67:9 8|30:9 10|3:8 7|5:10 9|33:6 9|91:4 10|48:7 3|8:8 4|18:3 2|40:5 3|36:6 8|23:1 10|85:2 7|51:5 7|64:6 10|63:7 10|4:2 1|21:9 4|31:2 2|38:7 5|39:4 7|40:4 4|6:2 3|37:2 6|63:9 7|83:4 6|67:9 5|24:2 9|10:3 6|20:1 7|83:5 1|7:1 2|31:3 4|56:6 1|14:7 1|30:5 2|39:2 4|12:8 1|94:6 5|39:7 9|55:3 3|11:10 7|72:8 8|88:10 3|47:7 8|93:6 3|3:6 2|0:4 9|32:9 6|56:6 7|26:4 3|66:6 6|95:5 9|42:3 9|11:9 3|71:5 4|33:1 1|63:2 8|24:8 5|65:2 10|11:4 2|91:3 8|56:7 2|72:8 3|89:2 5</relation>
		<relation arity="2" defaultCost="infinity" name="R6" nbTuples="100" semantics="soft">67:1 9|59:5 4|76:3 4|10:6 7|70:3 1|15:3 10|55:6 9|74:4 3|88:5 8|16:1 1|74:5 6|13:4 5|84:4 2|38:9 3|28:6 4|88:1 7|83:10 6|30:8 2|73:6 2|10:9 9|13:4 7|8:10 7|0:3 6|73:10 3|44:10 2|21:10 10|54:5 9|30:9 6|30:1 10|53:7 10|72:7 4|17:9 2|58:8 5|44:2 7|55:6 8|55:8 9|39:7 6|7:7 8|48:8 1|36:5 1|86:9 4|13:2 8|93:7 7|76:3 8|45:10 4|9:6 1|75:1 4|93:3 2|85:2 10|83:9 8|12:5 5|62:6 10|89:8 6|1:6 5|71:1 6|75:3 5|27:6 3|4:8 3|66:2 5|0:5 3|52:2 4|45:8 7|8:8 8|39:9 10|23:3 9|39:1 2|74:1 3|10:5 2|93:8 4|29:7 2|74:10 5|13:4 4|4:4 1|23:4 10|20:4 8|81:3 3|88:1 5|14:4 9|85:2 2|48:4 6|73:7 5|63:9 7|96:9 1|7:10 9|39:2 9|3:2 6|40:8 10|34:3 7|83:2 1|11:5 10|33:9 5|21:7 3|64:10 8|80:6 6|17:7 9|39:5 7|46:7 1|93:2 3|92:10 1|67:1 8</relation>
		<relation arity="2" defaultCost="infinity" name="R7" nbTuples="100" semantics="soft">5:2 3|76:7 8|58:9 4|90:2 10|35:7 4|31:4 6|82:9 7|72:4 1|21:3 5|33:9 9|75:4 7|65:5 2|99:5 7|6:6 1|22:5 8|30:8 6|65:4 10|59:10 6|85:10 10|80:10 8|88:3 10|95:10 4|53:6 5|15:10 7|6:6 2|65:3 3|7:1 7|21:2 8|61:9 2|39:8 8|47:1 6|81:8 5|33:10 1|75:2 5|91:6 9|99:7 2|41:2 6|63:10 2|24:8 3|82:8 7|98:5 5|23:7 6|55:4 3|35:1 10|84:4 5|70:5 6|15:1 1|59:6 3|12:6 10|14:4 9|56:5 10|82:2 2|73:7 5|65:8 2|5:7 7|22:10 5|40:3 9|51:1 5|17:3 4|49:10 9|31:9 6|64:5 9|34:3 8|79:2 4|72:6 7|78:6 8|45:1 2|89:7 9|65:1 4|90:10 3|83:1 9|49:3 7|62:4 2|35:3 1|66:8 9|56:5 3|21:4 8|95:7 1|48:4 4|53:9 8|45:8 10|64:3 6|40:2 1|86:8 4|1:9 3|96:5 4|9:6 6|23:7 3|18:9 1|76:2 9|30:1 3|25:9 5|21:9 10|93:5 1|81:7 10|80:6 4|43:1 8|92:2 7|40:8 1|75:3 2</relation>
		<relation arity="2" defaultCost="infinity" name="R8" nbTuples="100" semantics="soft">20:9 7|60:1 10|69:10 1|61:6 7|2:10 4|78:2 6|19:2 4|89:3 4|63:7 8|77:4 9|35:9 10|4:5 5|22:6 3|99:8 9|59:10 10|24:1 8|81:2 3|46:7 5|16:3 2|59:7 1|77:6 1|7:8 6|43:5 1|39:10 7|23:5 2|75:2 5|4:6 6|77:9 3|6:5 6|38:10 3|37:8 5|15:1 6|52:7 6|71:9 5|52:2 8|49:4 2|21:4 8|29:7 4|96:4 1|63:6 9|90:8 8|90:7 7|1:10 2|85:4 4|93:2 7|28:3 7|15:5 8|10:1 7|20:6 5|64:7 3|60:1 4|46:2 2|83:9 6|89:3 6|42:7 9|90:10 8|65:9 8|14:1 1|12:8 3|0:10 5|67:3 3|18:8 7|62:10 9|82:7 10|62:3 5|5:9 9|48:6 10|67:2 10|83:3 9|33:6 2|11:8 1|48:8 4|92:8 10|85:4 7|65:5 9|3:3 1|45:4 6|31:6 4|71:9 4|2:5 4|77:2 1|22:9 1|77:8 2|64:6 8|94:9 2|29:5 10|15:3 10|60:1 5|49:1 2|76:3 8|22:4 10|49:10 6|6:5 3|46:2 9|79:1 9|31:7 2|27:4 5|19:1 3|65:5 7|60:4 3</relation>
		<relation arity="2" defaultCost="infinity" name="R9" nbTuples="100" semantics="soft">25:6 1|67:3 1|57:9 3|30:7 4|19:4 4|65:1 3|19:2 9|0:2 5|6:7 7|45:7 10|86:1 1|50:5 7|36:9 6|84:2 2|98:7 5|47:7 2|27:3 10|16:2 10|92:5 9|2:2 1|54:1 9|96:9 9|3:6 3|11:2 4|37:3 3|39:8 7|1:10 7|19:6 6|95:9 1|12:10 4|33:7 8|37:9 2|94:4 5|77:8 1|35:2 6|24:6 5|99:6 9|71:8 4|10:1 10|18:9 4|87:9 8|75:7 9|93:1 2|33:3 5|99:5 3|7:8 3|20:8 8|66:2 3|16:9 7|53:8 5|89:6 10|27:5 10|27:3 6|47:8 6|24:5 4|93:8 9|57:5 5|48:10 5|23:2 8|15:10 9|87:3 2|52:6 2|12:3 9|17:6 7|93:4 1|51:10 8|35:4 2|92:3 7|9:3 8|48:2 7|11:10 6|72:8 10|57:7 3|65:4 8|22:10 1|69:5 2|75:1 7|19:7 1|6:5 6|4:6 8|39:9 5|52:4 10|49:3 4|64:7 6|95:10 10|17:1 8|83:5 1|35:9 10|90:1 5|97:4 6|39:6 4|38:10 3|88:4 3|22:8 2|50:4 7|25:5 8|41:10 2|98:4 9|52:1 6|33:1 4</relation>
		<relation arity="2" defaultCost="infinity" name="R10" nbTuples="100" semantics="soft">11:8 5|35:10 6|15:3 2|25:9 6|36:8 3|90:10 5|40:1 8|59:5 3|33:6 6|80:5 9|39:1 2|62:4 9|27:4 8|88:8 7|9:2 1|86:9 5|48:7 4|60:2 10|16:6 8|9:2 4|11:7 7|17:10 8|30:4 6|14:5 1|86:3 6|45:9 8|47:1 5|61:4 10|36:5 8|81:5 2|11:9 10|42:10 1|84:5 5|83:8 9|52:7 3|21:6 3|63:8 1|86:4 2|52:9 1|53:10 9|60:3 10|35:5 6|39:2 8|14:1 3|93:6 9|98:8 2|27:5 4|60:7 8|90:6 1|99:9 3|87:10 10|3:3 3|59:3 4|62:6 7|99:8 6|6:2 5|6:4 4|70:10 4|26:10 2|91:7 6|82:10 3|68:6 10|93:3 5|18:6 5|82:8 8|51:6 4|87:2 9|81:1 4|49:4 1|43:9 4|82:9 9|23:7 5|78:4 3|36:3 1|49:9 2|96:2 6|25:1 9|18:8 10|66:2 7|30:7 10|35:1 1|29:10 7|91:5 7|7:3 8|73:2 2|24:8 4|63:4 5|7:3 9|77:1 7|61:7 1|94:9 7|59:1 10|28:5 10|9:1 6|94:7 9|69:7 2|9:3 7|96:6 2|69:4 7|36:2 3</relation>
		<relation arity="2" defaultCost="infinity" name="R11" nbTuples="100" semantics="soft">82:6 7|30:10 6|98:7 5|88:1 2|94:7 3|23:3 9|75:6 8|46:2 3|40:3 7|87:5 6|75:9 8|42:4 7|53:6 9|26:1 8|15:2 10|85:5 8|16:4 1|94:5 1|17:10 10|11:9 4|77:8 2|12:9 1|22:3 1|85:9 9|46:7 7|61:7 6|22:10 3|58:4 2|55:8 4|12:3 3|75:2 6|21:9 7|35:6 2|79:3 6|75:1 6|20:4 3|31:7 4|99:4 5|27:7 2|88:1 3|29:2 7|5:8 7|78:2 2|41:2 4|4:9 6|50:6 6|97:3 5|53:6 4|29:6 3|27:9 5|81:10 8|65:4 9|56:2 9|20:1 1|78:8 9|7:1 5|22:10 4|64:3 8|12:2 5|91:1 10|22:5 3|91:5 2|48:7 10|97:5 10|34:10 2|57:5 9|76:8 3|56:3 10|80:4 10|76:1 7|53:7 9|18:6 10|58:10 9|65:6 1|43:8 6|61:8 8|39:4 6|66:1 4|51:10 1|98:8 10|47:9 2|8:4 4|27:9 10|34:3 2|47:7 8|73:8 5|3:3 4|76:5 5|17:4 8|10:10 7|88:10 5|15:1 9|44:2 8|41:2 1|96:6 5|31:9 3|39:7 1|16:5 4|29:5 7|47:8 1</relation>
		<relation arity="2" defaultCost="infinity" name="R12" nbTuples="100" semantics="soft">97:7 7|69:4 3|7:4 5|3:10 5|0:9 2|80:2 4|52:3 7|40:4 1|80:6 4|57:5 6|91:1 7|9:10 1|11:5 8|75:7 10|12:6 9|39:10 3|64:3 9|67:6 2|32:3 5|24:1 5|61:1 1|50:1 10|42:3 3|4:1 3|35:8 6|37:5 10|96:6 6|46:8 9|42:3 8|44:2 1|26:8 8|62:9 4|19:2 3|89:5 9|85:9 3|15:1 2|16:7 5|55:6 10|47:4 6|16:6 8|8:5 2|51:8 2|12:2 9|77:8 10|11:9 10|2:4 10|25:7 4|4:2 5|92:1 9|36:4 2|11:7 8|64:8 5|31:3 1|1:3 4|49:2 2|91:2 10|6:10 7|3:1 4|52:2 6|40:10 8|74:4 8|69:5 4|48:3 10|34:7 2|79:3 2|41:8 7|94:10 6|53:4 9|44:7 1|76:9 1|65:3 6|8:9 5|3:9 7|41:2 8|3:6 5|44:5 5|17:10 9|0:4 7|95:7 9|97:7 3|84:1 6|45:6 3|87:8 3|72:4 4|9:7 6|86:9 6|5:10 2|69:5 7|44:2 7|82:9 9|64:8 4|30:1 8|65:5 3|85:5 1|3:9 8|97:10 4|74:10 10|6:8 1|46:6 7|78:6 1</relation>
		<relation arity="2" defaultCost="infinity" name="R13" nbTuples="100" semantics="soft">19:8 1|13:8 10|20:10 8|27:10 3|3:6 2|25:2 6|76:8 8|13:5 9|43:9 7|70:4 1|42:6 6|73:9 1|74:5 4|2:7 2|94:3 3|33:1 10|85:5 8|16:6 3|82:10 9|41:1 1|18:2 5|60:3 6|90:4 8|46:8 9|24:1 5|14:9 5|52:4 9|51:2 10|23:3 10|63:2 4|18:4 5|86:1 6|87:3 5|68:8 6|52:5 3|54:1 9|79:3 8|80:3 2|35:4 10|52:10 2|81:9 8|38:7 4|85:4 2|91:6 10|56:9 10|76:1 8|51:7 10|96:8 3|62:1 2|10:3 1|3:6 7|92:9 6|26:2 3|9:9 2|78:9 9|20:7 5|29:5 5|26:5 7|42:9 3|49:7 8|94:6 4|13:2 2|21:7 7|13:8 2|82:7 9|62:2 7|50:2 8|6:7 1|18:5 10|68:3 7|24:7 6|82:6 8|34:10 1|61:3 4|18:6 9|14:5 2|78:4 6|88:2 9|85:9 4|7:8 5|90:7 3|47:1 4|0:10 5|97:6 1|62:5 6|62:4 3|1:4 4|58:10 10|3:10 6|97:5 1|7:1 7|4:4 7|20:6 5|74:3 9|24:8 4|41:10 4|72:10 7|11:1 3|77:8 7|85:2 1</relation>
		<relation arity="2" defaultCost="infinity" name="R14" nbTuples="100" semantics="soft">80:5 3|28:7 5|62:3 7|66:2 7|8:7 1|27:9 6|85:7 3|9:3 6|21:10 3|45:9 8|17:10 6|15:6 3|80:5 2|49:3 4|73:1 2|95:6 9|21:8 1|71:5 7|79:1 6|53:1 5|77:6 6|39:5 8|96:9 1|91:10 1|3:4 5|12:4 4|80:10 8|86:7 7|14:6 4|38:8 2|19:2 9|29:2 3|49:8 3|84:5 10|25:3 10|86:2 5|8:9 4|18:5 9|91:3 8|21:9 7|65:9 5|36:4 2|44:4 7|9:3 1|71:10 9|97:2 1|40:6 8|43:8 8|7:1 7|82:5 5|78:7 9|41:8 5|60:8 4|13:6 1|25:8 10|50:9 2|78:4 8|14:1 9|41:8 7|35:2 6|51:4 9|93:9 10|85:7 4|37:6 10|93:4 3|70:10 2|98:3 5|55:10 7|51:8 6|36:3 3|70:9 9|29:1 4|95:3 9|36:6 5|56:3 2|1:6 2|21:4 1|28:2 4|40:10 10|56:10 5|64:5 1|52:9 3|23:1 3|58:7 2|55:2 8|57:1 1|8:2 10|17:7 8|42:5 6|16:6 7|39:2 2|91:4 10|45:7 10|62:1 8|30:5 4|23:1 10|82:8 9|30:4 6|3:10 4|73:7 6</relation>
		<relation arity="2" defaultCost="infinity" name="R15" nbTuples="100" semantics="soft">93:5 3|89:4 5|61:2 5|89:10 8|15:1 8|61:8 5|23:4 1|3:8 7|79:6 4|12:5 7|97:10 5|72:7 9|79:4 10|64:3 7|24:10 1|56:4 7|55:1 3|83:3 1|30:5 6|3:8 1|25:3 10|88:7 4|84:6 5|59:6 9|92:2 1|91:4 9|20:6 10|92:10 9|35:7 1|27:10 7|19:3 9|80:5 5|38:8 2|88:3 4|0:3 5|88:9 8|29:1 10|10:7 2|35:3 3|3:9 3|73:1 7|35:8 4|19:8 3|98:5 10|63:2 6|23:3 8|98:4 2|27:6 1|41:10 10|36:1 1|70:4 3|88:5 4|92:6 7|64:9 7|40:5 9|80:10 2|81:9 5|48:6 2|40:7 8|86:8 9|2:8 8|27:10 4|7:6 8|92:1 6|45:9 9|50:9 6|1:1 4|7:4 6|14:7 5|79:8 6|10:2 3|92:4 4|6:7 10|12:4 8|6:7 3|61:2 10|63:9 4|0:9 1|53:1 9|0:9 2|5:1 5|51:6 6|59:6 3|85:9 10|76:10 6|64:3 2|19:2 8|28:7 6|43:5 2|3:2 9|30:1 2|92:5 8|8:2 2|12:3 6|58:5 1|43:7 7|8:10 3|23:8 10|83:2 4|96:2 7</relation>
		<relation arity="2" defaultCost="infinity" name="R16" nbTuples="100" semantics="soft">93:6 3|16:3 6|9:1 7|28:7 3|66:3 1|12:4 2|14:8 10|98:5 6|63:10 5|53:2 9|17:10 2|71:8 5|52:1 10|55:8 2|29:7 4|97:8 8|64:3 10|86:9 1|12:3 9|50:1 9|31:5 7|47:1 8|1:6 1|52:3 3|51:5 1|98:9 8|89:3 4|73:9 2|66:2 8|22:8 4|79:5 4|3:10 6|43:5 5|10:2 10|80:9 7|18:9 10|38:2 4|84:10 7|90:4 5|40:10 4|49:4 7|20:8 3|84:7 2|81:4 10|41:5 3|42:4 8|9:2 7|41:5 2|6:7 10|8:2 6|58:6 9|75:8 6|12:5 10|40:10 9|22:1 2|91:3 7|2:5 8|15:2 1|28:8 9|95:2 3|43:1 4|50:4 9|22:6 10|53:10 3|48:7 7|41:5 9|50:3 8|83:3 5|69:9 9|62:1 5|73:10 8|96:10 10|2:4 3|88:6 6|5:4 4|13:9 5|95:3 2|39:7 5|30:8 7|59:1 6|60:1 3|13:9 4|53:6 4|22:9 3|35:6 2|82:4 6|81:7 1|71:6 7|44:7 9|59:7 6|52:1 1|31:4 1|33:7 8|57:2 5|49:10 1|36:6 8|4:9 6|45:8 1|84:2 2|10:6 5</relation>
		<relation arity="2" defaultCost="infinity" name="R17" nbTuples="100" semantics="soft">76:7 7|80:4 9|19:9 4|89:8 9|7:3 5|10:1 7|65:4 2|66:7 5|14:7 10|27:8 1|18:3 2|33:5 2|52:5 1|7:6 5|13:1 9|69:1 5|44:1 4|62:6 6|12:7 1|85:2 10|69:7 6|90:3 8|5:3 1|25:4 7|59:2 3|58:2 5|29:9 1|54:2 4|11:10 8|81:2 2|87:6 8|73:4 5|78:1 3|77:6 3|51:10 1|79:5 6|46:10 6|27:3 3|21:6 4|15:2 7|49:6 10|72:5 3|52:5 4|96:7 8|41:9 7|7:6 9|90:10 9|99:10 5|97:3 4|14:1 10|91:8 7|14:6 2|63:8 2|37:3 10|37:5 8|96:10 10|64:2 6|56:2 1|70:8 6|25:4 10|40:9 8|88:8 4|82:4 3|50:9 5|15:2 9|22:6 1|31:1 8|78:3 6|32:9 2|31:9 6|25:10 4|53:10 7|74:9 9|72:3 7|83:8 10|45:8 5|47:8 3|7:4 1|2:4 6|85:1 2|73:9 10|82:10 2|5:7 3|57:5 9|95:5 7|3:6 7|1:2 8|48:5 10|9:4 8|48:5 5|16:3 9|44:7 9|32:1 6|59:7 4|77:9 3|21:8 8|61:1 1|58:7 2|96:10 3|84:4 4</relation>
		<relation arity="2" defaultCost="infinity" name="R18" nbTuples="100" semantics="soft">30:2 1|57:3 1|63:4 2|90:6 5|71:10 7|86:4 3|10:10 4|25:10 5|86:6 2|88:2 9|64:5 1|67:8 2|54:5 6|1:1 10|80:8 5|98:7 7|69:5 2|94:1 2|38:8 10|94:10 3|86:7 9|6:9 2|5:7 10|76:6 6|89:9 3|55:6 8|55:5 4|97:9 10|66:1 7|15:7 6|33:6 4|95:4 5|89:2 3|30:1 6|9:9 8|62:2 8|15:9 1|34:10 6|47:3 7|68:5 9|18:2 10|10:1 8|1:3 5|2:1 5|88:3 6|96:8 4|48:3 2|38:10 8|76:8 8|73:7 3|72:6 3|97:3 10|82:10 10|2:7 2|87:10 1|50:1 9|94:7 4|82:4 7|43:8 6|68:7 8|66:2 2|34:5 3|71:5 8|21:5 7|41:2 5|30:6 9|25:1 3|93:3 4|44:3 9|75:2 6|9:9 6|36:2 4|12:5 5|12:8 1|89:10 2|8:9 5|87:4 6|11:8 9|69:1 4|55:8 3|64:9 9|59:4 9|91:9 4|92:4 10|57:6 7|13:2 7|51:4 4|35:6 10|47:5 10|75:7 1|76:6 1|64:10 9|33:4 8|40:1 1|20:8 7|96:4 1|20:3 8|30:3 3|8:9 7|90:7 5</relation>
		<relation arity="2" defaultCost="infinity" name="R19" nbTuples="100" semantics="soft">51:9 8|78:7 2|65:10 9|20:10 5|53:3 8|81:5 2|36:3 6|53:2 3|98:8 6|78:10 3|45:2 8|50:9 1|29:4 4|89:10 2|14:6 3|98:4 5|66:1 10|66:2 2|38:3 1|28:7 6|39:1 5|5:10 10|46:1 8|93:9 4|70:1 2|66:2 1|81:4 6|6:9 3|5:7 1|71:10 7|69:1 1|81:8 10|16:8 8|24:10 1|58:4 7|98:7 5|97:5 10|39:8 7|9:3 3|56:1 4|18:10 4|69:6 8|19:10 8|8:6 5|59:3 5|9:9 7|65:7 9|53:8 1|27:6 10|28:6 1|93:3 10|24:1 6|49:9 9|59:7 8|95:5 6|11:5 9|83:3 2|61:8 5|50:4 10|56:5 7|30:5 1|30:9 10|46:7 4|68:4 9|81:3 9|19:3 4|66:2 7|31:7 10|23:9 2|52:1 3|37:6 6|68:7 3|6:2 5|30:9 6|46:8 4|70:4 8|88:6 7|24:6 9|41:5 5|49:7 7|68:9 5|91:10 6|46:2 6|36:1 7|82:8 3|82:8 2|47:2 9|10:8 9|56:3 7|12:4 1|59:4 2|39:1 9|62:4 3|90:5 4|64:5 3|4:5 8|91:2 10|5:6 2|30:6 4|55:2 4</relation>
		<relation arity="2" defaultCost="infinity" name="R20" nbTuples="100" semantics="soft">70:4 8|64:9 7|58:8 7|52:2 3|82:4 9|62:4 3|3:2 2|30:7 7|45:5 3|77:7 5|73:7 8|10:9 9|5:4 10|14:2 1|26:6 1|76:6 5|22:3 8|63:3 7|51:6 2|58:1 9|52:2 8|56:10 6|92:7 2|10:10 10|13:3 9|53:4 5|57:6 3|73:2 5|69:5 2|30:4 6|34:10 4|7:5 8|8:1 6|10:8 2|19:9 8|87:10 2|16:5 6|96:6 9|87:8 8|12:5 5|84:3 1|70:7 6|98:1 7|94:10 7|90:4 2|26:1 2|86:6 7|35:5 9|83:7 1|10:4 4|83:6 4|34:1 5|15:9 2|34:1 3|80:1 8|31:5 1|80:8 4|1:3 4|11:10 9|18:2 7|23:9 3|85:3 5|76:9 10|43:2 10|94:3 6|27:7 10|25:8 10|95:2 9|47:1 1|37:5 10|70:9 6|51:8 5|66:8 9|45:1 10|9:2 6|58:8 3|48:7 4|0:10 5|95:3 2|79:9 5|5:4 1|33:3 10|79:1 4|56:9 1|87:4 7|99:10 8|55:6 10|85:3 3|53:6 8|98:10 1|63:6 6|24:5 7|4:10 3|17:8 1|61:7 3|79:9 4|80:7 9|0:5 4|39:8 6|22:2 4</relation>
	</relations>
	<GuiPresentation benchmark="RandomDCOP" density="50" domainSize="10" model="TKC" name="instance10" nbAgents="10" nbConstraints="21" nbTuples="100" tightness="0" type="DCOP" />
</instance>