<?xml version='1.0' encoding='UTF-8'?>
<instance>
	<presentation benchmark="RandomDCOP" constraintModel="TKC" format="XDisCSP 1.0" model="Simple" name="instance10" type="DCOP" />
	<agents nbAgents="10">
		<agent description="agent 1" id="1" name="A1" />
		<agent description="agent 2" id="2" name="A2" />
		<agent description="agent 3" id="3" name="A3" />
		<agent description="agent 4" id="4" name="A4" />
		<agent description="agent 5" id="5" name="A5" />
		<agent description="agent 6" id="6" name="A6" />
		<agent description="agent 7" id="7" name="A7" />
		<agent description="agent 8" id="8" name="A8" />
		<agent description="agent 9" id="9" name="A9" />
		<agent description="agent 10" id="10" name="A10" />
	</agents>
	<domains nbDomains="1">
		<domain name="D1" nbValues="10">1..10</domain>
	</domains>
	<variables nbVariables="10">
		<variable agent="A1" description="variable 1.1" domain="D1" id="1" name="X1.1" />
		<variable agent="A2" description="variable 2.1" domain="D1" id="1" name="X2.1" />
		<variable agent="A3" description="variable 3.1" domain="D1" id="1" name="X3.1" />
		<variable agent="A4" description="variable 4.1" domain="D1" id="1" name="X4.1" />
		<variable agent="A5" description="variable 5.1" domain="D1" id="1" name="X5.1" />
		<variable agent="A6" description="variable 6.1" domain="D1" id="1" name="X6.1" />
		<variable agent="A7" description="variable 7.1" domain="D1" id="1" name="X7.1" />
		<variable agent="A8" description="variable 8.1" domain="D1" id="1" name="X8.1" />
		<variable agent="A9" description="variable 9.1" domain="D1" id="1" name="X9.1" />
		<variable agent="A10" description="variable 10.1" domain="D1" id="1" name="X10.1" />
	</variables>
	<constraints initialCost="0" maximalCost="infinity" nbConstraints="22">
		<constraint arity="2" model="TKC" name="C0" reference="R0" scope="X1.1 X4.1" />
		<constraint arity="2" model="TKC" name="C1" reference="R1" scope="X1.1 X10.1" />
		<constraint arity="2" model="TKC" name="C2" reference="R2" scope="X1.1 X8.1" />
		<constraint arity="2" model="TKC" name="C3" reference="R3" scope="X1.1 X6.1" />
		<constraint arity="2" model="TKC" name="C4" reference="R4" scope="X2.1 X8.1" />
		<constraint arity="2" model="TKC" name="C5" reference="R5" scope="X2.1 X10.1" />
		<constraint arity="2" model="TKC" name="C6" reference="R6" scope="X2.1 X4.1" />
		<constraint arity="2" model="TKC" name="C7" reference="R7" scope="X2.1 X9.1" />
		<constraint arity="2" model="TKC" name="C8" reference="R8" scope="X3.1 X8.1" />
		<constraint arity="2" model="TKC" name="C9" reference="R9" scope="X3.1 X7.1" />
		<constraint arity="2" model="TKC" name="C10" reference="R10" scope="X4.1 X7.1" />
		<constraint arity="2" model="TKC" name="C11" reference="R11" scope="X4.1 X5.1" />
		<constraint arity="2" model="TKC" name="C12" reference="R12" scope="X4.1 X9.1" />
		<constraint arity="2" model="TKC" name="C13" reference="R13" scope="X4.1 X10.1" />
		<constraint arity="2" model="TKC" name="C14" reference="R14" scope="X4.1 X6.1" />
		<constraint arity="2" model="TKC" name="C15" reference="R15" scope="X5.1 X7.1" />
		<constraint arity="2" model="TKC" name="C16" reference="R16" scope="X5.1 X8.1" />
		<constraint arity="2" model="TKC" name="C17" reference="R17" scope="X6.1 X8.1" />
		<constraint arity="2" model="TKC" name="C18" reference="R18" scope="X6.1 X7.1" />
		<constraint arity="2" model="TKC" name="C19" reference="R19" scope="X6.1 X9.1" />
		<constraint arity="2" model="TKC" name="C20" reference="R20" scope="X7.1 X9.1" />
		<constraint arity="2" model="TKC" name="C21" reference="R21" scope="X8.1 X9.1" />
	</constraints>
	<relations nbRelations="22">
		<relation arity="2" defaultCost="infinity" name="R0" nbTuples="100" semantics="soft">56:2 2|33:1 10|52:10 10|33:1 6|85:2 3|77:9 6|61:9 4|27:7 8|51:3 6|47:4 3|45:10 4|68:3 1|85:8 6|92:9 3|86:7 4|86:9 10|60:3 2|73:4 8|54:7 2|31:9 1|49:10 8|1:10 2|84:2 6|59:1 9|56:6 1|58:6 8|94:7 1|24:5 5|65:8 1|47:8 2|43:6 10|29:6 3|39:4 7|47:6 9|67:1 7|84:2 5|0:2 9|74:10 6|62:5 9|99:8 9|82:5 1|56:1 2|13:3 10|70:1 8|52:7 7|61:10 9|86:10 1|56:6 2|38:2 8|59:9 9|62:2 10|60:8 10|2:8 8|99:1 1|23:5 10|13:4 4|59:5 2|55:8 5|64:7 10|31:10 7|91:5 7|29:3 4|92:9 7|92:2 1|67:1 4|91:4 1|36:5 3|8:3 8|49:2 7|26:7 3|30:8 3|60:8 7|34:5 6|15:1 3|93:7 9|6:3 7|53:9 2|14:2 4|74:7 5|96:3 5|9:6 7|0:6 5|24:6 4|90:4 10|56:7 6|46:3 3|49:9 8|10:10 3|34:1 5|58:4 5|0:4 2|80:10 5|97:3 9|80:4 6|73:8 4|38:5 4|24:5 8|46:9 5|28:6 6|2:4 9</relation>
		<relation arity="2" defaultCost="infinity" name="R1" nbTuples="100" semantics="soft">98:7 8|46:1 7|90:3 4|38:8 5|99:2 7|85:4 3|10:5 5|29:7 6|64:7 3|58:10 7|15:5 10|8:1 8|93:9 3|61:7 2|87:4 5|40:4 2|48:6 3|2:3 7|74:10 8|71:10 1|84:4 7|55:10 5|9:4 9|9:1 6|56:7 7|39:10 10|7:8 6|25:6 6|26:2 5|10:6 9|23:2 6|19:9 8|95:1 9|84:10 4|25:8 4|92:3 1|84:4 4|60:3 5|70:7 4|24:9 5|56:5 7|3:4 6|77:9 6|95:5 4|75:9 10|28:6 8|95:6 2|27:8 3|23:1 2|45:5 3|38:7 10|63:9 4|36:7 9|48:6 5|94:3 3|82:8 2|62:10 3|82:2 3|73:3 9|30:9 9|77:2 1|42:6 1|68:5 9|40:8 7|94:1 3|36:4 1|55:8 8|92:2 8|41:2 2|19:1 5|3:8 9|47:6 4|30:4 10|89:9 2|22:6 10|75:7 1|40:5 8|18:10 2|73:8 1|85:1 1|14:9 7|94:3 2|74:2 4|23:1 10|84:8 10|27:3 10|91:1 4|93:6 7|75:10 6|65:5 1|5:3 6|34:2 10|83:4 8|98:5 2|68:2 9|45:10 9|41:3 8|80:9 1|57:5 6|70:7 5</relation>
		<relation arity="2" defaultCost="infinity" name="R2" nbTuples="100" semantics="soft">99:4 8|11:8 2|89:9 6|98:5 6|53:4 7|94:1 9|35:1 1|43:1 7|1:5 8|45:8 8|80:8 10|6:1 10|76:8 5|26:2 4|22:5 3|37:7 3|96:9 4|70:1 8|57:3 6|72:2 3|12:3 8|26:10 6|37:5 10|24:4 2|3:5 1|26:10 2|33:7 4|61:7 9|90:8 1|85:6 9|68:6 1|19:10 9|67:9 1|97:2 8|58:2 7|9:4 10|60:8 7|85:9 3|6:1 6|99:7 1|7:4 9|73:3 1|87:3 9|38:7 5|76:3 7|16:5 5|53:6 6|36:9 9|3:3 10|71:1 3|1:3 5|37:7 2|87:10 4|91:5 4|75:9 7|87:6 7|42:3 3|17:1 5|56:4 5|78:2 5|74:9 10|15:6 2|11:7 7|59:10 8|55:7 6|20:10 5|52:8 9|81:6 5|86:4 3|24:6 10|44:9 5|81:2 2|84:4 4|31:5 2|76:3 2|20:8 3|68:1 4|58:10 10|70:10 3|21:3 4|67:2 6|26:2 10|17:2 9|75:8 4|58:4 6|57:1 2|47:5 7|96:9 8|1:4 1|70:8 6|33:2 1|77:9 2|21:6 4|14:10 7|12:6 8|14:6 3|79:7 10|2:7 8|83:5 9|22:10 1</relation>
		<relation arity="2" defaultCost="infinity" name="R3" nbTuples="100" semantics="soft">73:1 8|57:2 6|70:4 7|26:5 3|37:1 5|85:1 10|31:9 8|45:9 5|75:1 7|94:4 9|13:7 10|75:5 2|44:1 6|83:8 10|31:1 9|60:4 4|68:10 5|16:8 4|23:4 3|22:9 6|81:9 9|20:2 9|36:6 7|75:6 3|41:8 6|35:4 2|62:2 1|27:8 8|14:3 4|12:7 4|4:2 3|26:4 6|92:5 10|9:1 2|45:3 2|31:10 3|90:3 8|69:3 5|80:1 1|3:2 7|22:9 7|0:6 4|65:3 1|59:2 8|16:8 1|13:6 1|28:6 5|56:8 7|61:9 1|80:4 10|11:6 8|4:5 1|93:2 2|48:5 7|91:10 4|15:7 2|63:9 3|8:9 4|6:8 9|95:8 2|39:10 2|74:7 1|22:5 8|14:10 8|68:7 6|28:6 9|77:3 6|60:3 7|36:6 10|66:10 10|58:3 9|85:3 10|70:6 6|1:6 2|0:4 1|42:5 6|52:7 8|43:4 8|88:7 3|81:2 5|73:10 9|81:1 3|32:1 4|22:2 4|52:5 9|87:2 10|81:10 7|97:7 7|81:7 5|17:3 3|92:9 10|52:7 9|83:10 1|1:5 4|5:9 2|78:5 5|31:8 5|44:4 5|16:8 3|79:10 6</relation>
		<relation arity="2" defaultCost="infinity" name="R4" nbTuples="100" semantics="soft">39:10 1|75:6 9|73:5 3|43:8 2|31:2 6|12:9 10|3:4 10|29:8 4|22:9 1|21:3 10|34:3 3|5:9 2|95:4 3|71:7 2|56:1 1|14:10 8|94:6 5|30:4 2|32:4 4|52:10 7|37:2 2|95:2 3|7:5 1|16:3 8|71:3 1|64:6 7|64:3 6|90:5 10|89:1 5|21:3 2|25:1 10|14:6 3|93:2 1|50:9 3|10:10 4|93:5 4|32:6 10|38:5 9|11:1 6|65:8 7|71:6 2|84:9 6|30:7 8|70:7 10|78:7 5|4:8 9|35:10 3|2:4 9|87:8 5|80:3 9|48:10 10|85:10 2|17:9 7|38:10 9|81:3 7|24:5 5|7:4 6|12:3 5|54:8 6|76:2 10|87:1 3|4:8 8|6:5 7|87:1 2|43:9 9|81:6 1|12:7 6|53:4 5|21:1 9|9:1 7|87:3 4|42:7 9|44:10 6|92:4 8|29:7 1|7:8 10|61:8 3|68:5 6|14:5 8|33:4 7|82:6 8|52:6 4|44:5 2|37:4 1|91:8 1|55:1 8|59:6 6|3:9 5|48:9 8|83:10 5|11:2 8|50:7 4|79:9 4|3:7 7|91:2 4|20:7 3|45:1 4|49:2 5|40:2 9|11:2 7</relation>
		<relation arity="2" defaultCost="infinity" name="R5" nbTuples="100" semantics="soft">76:8 4|64:3 1|15:3 2|89:5 7|91:6 5|46:9 2|62:10 7|11:8 3|67:4 9|21:3 3|42:8 5|57:1 3|59:2 7|29:1 8|36:4 1|33:2 4|28:2 5|2:8 9|25:5 5|78:9 3|6:5 4|49:2 9|46:3 6|11:10 3|68:6 3|50:6 9|64:6 1|40:7 3|4:5 3|43:7 8|50:4 8|95:1 1|65:7 10|44:8 10|22:6 4|44:2 2|5:5 2|37:1 7|2:5 1|36:5 9|52:8 7|50:6 2|66:5 8|88:3 5|23:6 8|19:6 10|37:7 2|33:8 1|56:9 4|91:8 8|30:7 4|20:7 6|47:3 7|88:7 9|85:4 10|50:10 8|74:7 5|93:10 9|24:9 1|55:10 5|64:4 3|99:4 4|99:7 7|77:10 6|73:7 1|79:2 8|19:8 2|85:1 9|40:10 10|39:5 10|66:9 10|23:2 1|98:6 7|55:6 6|59:9 8|15:4 7|88:9 9|26:3 4|56:1 5|3:4 5|55:2 10|74:9 5|82:8 6|82:3 9|75:4 6|46:9 6|40:10 4|92:2 6|74:10 2|17:3 10|46:3 8|64:5 6|35:1 4|10:1 6|97:2 3|15:4 2|62:1 10|14:10 1|43:1 2|81:9 7</relation>
		<relation arity="2" defaultCost="infinity" name="R6" nbTuples="100" semantics="soft">77:8 7|54:10 8|86:10 3|43:5 2|55:3 2|86:10 4|57:4 8|61:6 9|67:1 6|23:10 7|77:6 10|2:2 7|80:3 7|82:3 1|32:5 6|75:8 2|25:6 1|37:5 8|62:1 10|84:7 1|90:9 3|56:5 1|99:10 2|26:3 5|32:6 8|25:6 6|72:5 3|95:8 1|28:5 4|1:2 6|68:9 1|65:10 10|74:9 10|96:6 7|90:4 3|71:2 5|19:7 6|58:2 1|89:4 2|45:7 7|40:6 3|19:4 1|61:3 6|91:1 7|95:3 8|0:9 2|91:1 4|25:9 6|2:8 4|34:7 2|55:2 10|82:5 9|98:4 7|6:7 8|25:3 3|53:9 7|26:2 2|65:1 3|60:3 4|74:2 8|53:8 9|28:1 1|65:1 9|93:7 10|92:1 8|36:7 4|14:10 6|85:8 5|81:2 3|28:4 5|99:10 5|38:10 9|85:4 6|21:5 10|12:7 3|86:7 9|66:4 10|75:1 5|99:9 4|8:1 2|69:4 9|23:2 9|36:8 6|33:6 5|5:9 8|68:6 2|12:9 5|73:8 10|51:6 4|73:3 10|70:4 4|53:8 8|33:5 7|44:9 9|56:5 5|74:8 3|99:3 9|54:2 4|97:10 1|90:7 5</relation>
		<relation arity="2" defaultCost="infinity" name="R7" nbTuples="100" semantics="soft">7:7 9|7:5 5|47:5 4|78:3 4|18:1 5|47:2 9|28:6 3|27:2 2|87:9 6|54:3 2|45:7 6|22:10 9|80:8 5|68:5 8|45:8 6|79:2 4|8:6 2|97:3 5|69:9 1|99:3 9|31:10 4|27:9 7|7:6 5|52:8 10|71:1 6|33:4 10|38:7 8|21:1 1|21:4 7|2:9 4|11:7 10|21:7 3|62:2 7|95:10 3|36:8 3|92:8 8|48:3 6|3:3 10|94:5 2|82:10 2|5:7 7|17:1 7|23:8 1|32:3 1|28:1 8|81:5 9|34:1 3|36:3 7|6:3 3|61:10 6|76:2 6|53:7 5|21:10 5|95:5 7|55:10 8|80:7 4|75:10 1|10:4 1|61:1 9|99:3 8|61:9 9|44:5 3|68:9 2|24:4 2|9:9 8|93:4 4|14:8 4|46:4 9|31:4 3|85:2 10|56:10 10|73:8 2|43:1 2|91:5 1|43:6 9|74:4 8|74:4 5|28:2 1|8:6 8|25:8 9|28:1 10|95:1 4|76:7 2|86:9 3|7:6 4|76:6 6|82:7 1|34:2 8|64:10 7|95:5 6|60:2 5|31:5 10|14:6 1|74:9 10|13:2 3|18:6 10|39:8 7|82:6 7|92:9 5|9:4 6</relation>
		<relation arity="2" defaultCost="infinity" name="R8" nbTuples="100" semantics="soft">89:1 7|92:6 10|32:8 1|70:2 2|66:5 8|0:8 10|95:1 6|47:2 4|27:6 3|91:6 9|91:7 2|12:4 5|30:8 5|6:10 1|4:2 8|32:8 8|24:6 6|87:6 4|24:10 7|34:1 9|46:3 5|18:7 9|46:1 4|2:7 8|54:10 5|93:10 8|46:4 10|1:2 5|6:2 3|60:7 10|19:1 8|18:2 9|46:9 8|82:8 7|42:7 7|47:9 1|37:10 10|5:5 2|19:10 9|58:7 6|4:7 3|88:1 1|84:6 8|73:7 5|61:9 5|55:6 2|24:5 5|41:1 2|79:5 10|51:5 4|91:3 2|68:3 1|61:5 3|23:10 4|31:4 2|87:3 3|73:8 4|54:3 6|24:3 8|61:6 1|26:3 7|64:4 3|33:7 1|79:2 7|41:10 6|43:4 8|60:4 9|58:9 10|49:1 3|78:9 4|88:9 3|65:9 7|79:2 10|30:7 4|7:9 9|65:8 9|20:5 7|76:10 3|23:8 3|68:2 6|50:4 1|13:5 9|90:4 7|23:5 6|56:10 2|3:9 6|51:8 6|60:1 5|46:4 4|11:4 6|77:3 10|2:6 7|18:3 4|85:5 1|61:8 2|49:3 9|52:1 10|15:2 1|67:9 2|20:6 5</relation>
		<relation arity="2" defaultCost="infinity" name="R9" nbTuples="100" semantics="soft">28:1 5|93:5 3|83:5 7|86:4 6|2:10 8|43:1 9|35:9 7|36:7 7|3:2 9|13:6 3|86:3 9|98:4 5|76:6 4|45:2 5|62:2 1|50:7 4|67:8 10|98:2 6|72:9 5|0:6 6|29:1 1|80:6 8|97:6 2|88:4 9|42:5 2|52:8 6|5:6 5|48:8 7|89:5 8|14:2 8|18:2 10|98:5 6|81:7 10|16:9 2|7:3 1|5:4 4|4:10 2|75:3 5|73:1 4|11:1 8|91:5 9|62:9 3|13:9 9|76:3 8|47:9 1|92:1 3|62:8 1|14:1 2|85:9 8|19:5 10|40:10 6|70:10 5|30:7 8|90:5 5|47:9 6|87:4 8|52:7 6|45:10 10|33:4 1|20:3 6|32:6 7|46:2 3|67:7 5|16:8 3|70:5 4|61:10 1|34:3 7|38:10 9|79:10 7|27:7 3|86:8 5|16:10 4|87:8 9|26:2 7|2:7 9|18:3 10|36:6 1|49:8 4|43:3 4|21:2 4|57:5 1|80:8 8|68:6 10|55:10 3|29:3 2|11:7 2|3:9 4|32:7 1|87:4 7|20:4 3|47:9 10|81:4 10|8:3 3|1:4 2|3:2 2|86:6 9|3:8 2|2:1 6|15:1 10|65:1 7</relation>
		<relation arity="2" defaultCost="infinity" name="R10" nbTuples="100" semantics="soft">58:2 4|87:9 9|17:4 3|13:7 1|90:2 1|98:5 6|80:1 8|23:1 6|80:6 8|3:1 7|52:10 7|5:4 6|35:7 8|97:8 9|19:7 9|41:6 9|64:2 8|45:9 5|63:7 6|93:9 1|56:10 1|40:10 9|19:4 5|39:3 3|38:10 2|76:1 3|38:1 9|92:7 3|0:4 7|44:9 2|8:10 4|49:1 4|82:9 4|54:3 6|34:8 4|28:2 7|8:2 3|69:10 10|89:6 7|13:9 6|29:10 6|6:7 10|59:4 8|14:9 10|55:9 7|58:2 2|1:6 3|2:2 10|17:8 8|12:6 5|99:10 5|32:6 2|80:6 10|9:5 7|39:8 3|58:3 7|30:3 4|29:9 3|26:3 8|20:3 2|1:5 9|36:1 10|22:7 2|74:4 2|97:6 4|38:6 6|67:1 1|14:3 5|4:3 1|8:8 10|91:10 8|57:7 4|78:4 1|91:5 4|36:2 6|90:8 7|83:8 1|66:8 6|57:2 9|59:4 9|12:9 8|85:5 2|31:8 2|62:1 2|11:4 4|96:3 10|13:5 3|29:3 9|65:5 1|13:4 10|93:5 8|15:2 5|54:5 5|86:7 7|35:1 5|94:7 5|58:10 3|71:8 5|85:5 10|67:6 1</relation>
		<relation arity="2" defaultCost="infinity" name="R11" nbTuples="100" semantics="soft">42:6 5|78:1 2|67:10 10|9:4 3|65:6 8|58:10 9|1:2 10|98:8 8|16:10 4|77:10 5|67:9 1|25:7 3|89:6 4|84:1 4|27:5 8|91:6 10|76:8 7|15:1 5|75:9 10|27:5 6|52:1 8|41:9 8|45:7 8|2:8 6|61:3 2|78:8 5|33:5 7|38:2 5|21:3 10|88:1 9|59:9 2|66:7 9|14:8 3|21:3 7|24:5 3|67:7 5|67:4 6|15:4 4|65:2 6|6:4 2|58:2 1|26:5 10|73:4 9|2:4 7|82:7 2|37:10 8|15:6 9|72:2 4|56:6 7|4:10 7|45:2 3|8:2 7|57:10 2|4:2 2|60:5 1|74:3 1|36:6 1|2:2 8|32:9 7|26:8 4|6:10 6|6:7 10|18:3 6|98:7 6|28:5 2|46:9 6|54:7 1|83:1 6|0:1 1|36:2 9|40:3 4|71:9 4|9:7 4|48:1 10|28:9 3|73:3 9|14:4 8|2:4 1|12:6 2|93:10 3|85:8 1|49:9 9|76:6 6|65:3 5|24:8 10|86:9 5|31:10 1|49:1 3|11:3 8|86:7 7|30:6 3|74:5 9|18:1 7|1:8 9|7:3 3|40:4 5|4:5 4|52:4 10|63:8 2|16:5 5</relation>
		<relation arity="2" defaultCost="infinity" name="R12" nbTuples="100" semantics="soft">81:1 5|93:10 6|68:7 1|51:1 8|27:2 9|92:8 8|91:6 9|32:3 8|24:1 4|93:10 8|62:1 3|75:8 10|1:7 10|39:9 7|21:2 5|28:6 8|21:2 8|37:9 1|90:5 3|63:4 7|38:1 7|46:4 1|22:10 4|82:4 6|44:6 5|86:5 9|95:4 8|22:9 5|17:6 10|50:1 1|3:10 1|19:2 6|36:6 6|17:9 9|11:5 1|69:4 9|97:4 4|43:10 3|81:1 10|41:10 9|49:10 5|51:9 3|91:4 3|79:1 9|75:1 2|61:8 1|20:5 4|77:2 10|95:4 5|92:6 2|74:10 2|57:3 5|64:5 5|91:3 2|94:8 9|33:5 2|86:7 6|76:2 4|59:8 7|58:5 7|26:8 5|14:5 10|95:3 4|86:5 8|51:2 3|54:7 4|17:7 2|65:8 3|40:2 7|75:2 2|91:3 1|50:6 1|56:8 4|39:9 2|64:10 7|51:9 8|75:6 7|59:10 10|50:4 10|3:6 3|69:3 3|1:1 6|80:9 6|87:4 2|76:5 6|85:3 9|13:3 6|52:9 4|94:7 8|52:8 6|61:7 9|69:7 5|22:8 2|39:7 7|42:3 7|77:9 10|7:2 1|96:3 10|25:6 4|38:7 3</relation>
		<relation arity="2" defaultCost="infinity" name="R13" nbTuples="100" semantics="soft">75:4 2|75:1 9|15:1 1|3:4 1|87:2 8|73:10 4|55:5 4|31:6 2|87:10 5|39:4 6|78:6 7|10:8 1|17:2 7|15:7 8|21:2 1|9:6 6|4:10 8|98:8 2|78:9 4|17:7 2|72:5 8|97:3 6|23:2 4|68:7 6|64:10 6|25:4 5|10:3 2|19:1 3|64:3 5|91:6 5|50:4 9|63:2 10|68:8 4|63:3 3|70:2 6|14:1 6|53:10 9|92:7 3|39:2 9|93:7 9|25:3 7|28:9 2|9:2 3|84:9 5|38:6 8|36:10 1|22:8 9|12:6 9|72:1 8|39:1 5|79:3 1|18:2 2|59:7 4|3:1 10|35:10 3|16:4 7|21:1 2|57:6 3|81:8 5|5:8 8|48:7 5|24:3 8|5:5 3|10:5 5|94:3 4|6:6 1|81:9 1|44:9 10|39:4 10|78:10 7|92:3 10|96:5 2|54:4 8|95:5 6|83:9 8|84:5 10|81:4 4|0:8 10|61:5 7|82:9 6|75:7 1|88:9 9|19:1 7|25:9 3|32:6 4|41:1 4|98:4 3|72:7 10|0:10 2|9:8 7|22:7 7|75:6 10|82:5 9|73:5 1|78:10 10|38:3 9|23:9 7|6:2 5|22:8 3|20:8 6</relation>
		<relation arity="2" defaultCost="infinity" name="R14" nbTuples="100" semantics="soft">91:8 1|11:10 10|55:6 5|12:5 9|15:8 4|16:6 9|81:2 5|12:10 2|7:10 6|60:9 10|27:8 10|23:3 4|92:7 6|34:2 10|3:7 7|64:1 10|78:9 2|8:9 4|70:10 3|33:1 2|17:8 8|81:1 8|42:2 6|91:2 9|18:1 4|40:8 2|35:7 2|1:7 5|30:3 5|15:2 7|36:2 4|30:1 5|79:1 6|31:8 7|21:7 10|47:8 3|76:5 8|77:4 10|73:9 1|50:9 9|62:3 8|21:5 5|74:4 9|43:7 3|50:6 2|74:10 1|49:7 4|54:7 1|91:6 6|37:2 8|11:1 3|98:6 7|33:4 6|22:5 7|66:1 1|53:4 4|91:5 4|96:5 1|44:5 10|82:5 3|92:6 1|12:4 7|95:4 3|6:9 5|73:10 9|34:1 9|38:1 7|36:9 7|28:6 8|18:8 9|35:10 4|35:2 2|94:2 3|38:6 4|71:2 1|64:9 3|50:8 5|15:10 8|89:4 1|57:6 10|84:4 2|34:5 6|74:8 6|29:10 7|81:3 1|62:3 10|5:9 8|91:7 9|22:4 8|20:10 5|82:5 2|81:4 5|66:3 3|11:3 6|77:9 6|80:3 7|99:7 8|79:6 3|24:3 9|21:3 2</relation>
		<relation arity="2" defaultCost="infinity" name="R15" nbTuples="100" semantics="soft">86:10 2|75:1 2|36:10 8|42:6 5|65:1 7|7:10 6|58:4 5|77:5 6|26:4 9|88:4 8|96:9 9|6:6 4|31:8 8|47:7 5|39:9 8|86:1 5|77:1 6|36:1 9|99:2 1|82:7 4|13:10 3|7:5 3|56:4 7|16:9 10|78:9 2|0:6 6|59:6 2|19:2 3|36:10 10|16:2 6|77:5 1|74:4 4|47:5 8|76:6 10|24:1 8|7:10 5|51:3 4|63:8 7|81:2 2|0:5 9|33:5 2|77:9 6|70:2 5|88:2 9|8:6 8|88:1 3|25:3 3|46:4 10|65:3 8|68:2 4|33:7 3|29:1 1|46:7 7|7:10 9|12:8 1|40:4 6|40:6 7|99:8 3|93:3 2|54:9 4|20:7 2|16:5 7|96:9 7|78:8 6|19:9 3|33:4 2|35:3 10|57:6 9|68:3 9|91:5 4|82:7 9|55:1 4|65:3 7|97:10 7|13:8 4|3:10 1|40:5 10|99:9 1|61:8 5|12:6 1|10:2 7|21:6 3|41:8 2|92:2 8|40:5 5|44:3 6|40:7 8|89:10 4|63:3 5|49:7 10|5:2 10|54:4 3|74:7 1|64:4 1|14:7 6|40:3 1|11:9 5|85:8 9|50:1 10|0:8 10</relation>
		<relation arity="2" defaultCost="infinity" name="R16" nbTuples="100" semantics="soft">88:7 7|86:8 2|80:9 3|17:9 9|23:7 10|19:6 7|89:9 6|69:4 10|1:3 3|25:7 1|75:4 1|73:3 6|82:4 6|58:4 7|57:6 3|64:2 1|75:1 10|86:2 2|87:1 5|70:10 4|66:10 8|45:2 6|19:6 9|82:8 9|36:3 2|50:7 4|28:6 4|58:7 3|75:1 2|89:5 7|18:8 7|85:5 2|87:2 3|70:8 1|27:10 2|45:4 8|50:2 8|87:3 8|10:2 4|89:8 6|11:9 7|55:3 7|75:4 9|3:1 9|28:8 4|17:10 9|48:9 5|38:1 1|29:5 8|48:8 3|5:4 4|48:10 5|71:6 6|20:7 2|64:3 10|57:2 7|62:1 4|70:6 5|49:4 2|5:5 3|66:10 1|79:1 8|25:1 6|23:3 5|7:9 4|90:6 1|1:5 6|40:2 9|23:7 9|50:5 5|86:6 2|73:1 3|65:6 8|20:8 10|53:1 7|35:7 6|44:9 1|58:10 7|31:6 10|49:9 10|40:2 10|69:9 2|97:10 3|53:3 1|45:5 9|10:7 8|97:4 5|15:2 5|85:3 4|93:3 9|7:7 5|1:9 8|5:8 8|65:5 4|50:5 1|66:8 5|87:4 3|26:5 10|32:10 10|83:10 6</relation>
		<relation arity="2" defaultCost="infinity" name="R17" nbTuples="100" semantics="soft">55:3 8|83:3 2|59:10 4|74:10 2|10:10 6|97:8 7|35:4 7|69:10 1|98:4 4|97:4 5|58:3 6|11:5 10|21:7 3|16:6 4|42:2 4|53:5 4|92:3 9|65:4 10|55:4 1|71:9 1|39:6 3|15:5 3|77:5 1|8:8 5|45:7 1|8:9 6|72:3 7|79:5 5|38:1 4|22:6 6|8:9 5|25:2 6|80:3 1|27:1 2|31:6 10|78:10 3|20:5 9|95:1 8|85:8 9|40:2 1|12:8 2|47:7 2|97:7 8|42:3 5|16:6 9|15:2 7|52:1 10|81:8 4|55:10 8|74:9 3|71:9 10|52:2 9|17:7 9|57:10 9|20:9 7|14:2 2|97:2 10|38:3 10|12:8 1|81:7 6|94:10 5|52:8 8|75:8 3|84:1 5|30:8 10|29:3 3|54:5 8|97:6 7|32:4 3|68:9 4|31:1 9|83:2 8|96:1 6|36:1 3|83:9 2|79:2 3|58:4 9|42:6 2|44:8 6|46:7 4|75:6 5|56:9 9|35:10 10|53:9 8|57:7 7|82:6 8|17:7 5|18:5 6|65:6 1|84:3 4|5:1 1|3:5 2|7:4 8|89:1 7|49:2 5|47:4 6|54:10 7|92:4 2|1:7 10|9:5 7</relation>
		<relation arity="2" defaultCost="infinity" name="R18" nbTuples="100" semantics="soft">30:8 8|14:10 2|83:8 4|33:6 5|38:1 9|25:4 10|40:9 4|23:5 7|43:4 9|50:9 3|57:3 3|38:7 6|51:4 1|54:9 5|23:6 2|6:8 1|46:5 5|67:10 6|29:4 8|93:10 4|30:10 1|43:9 8|56:5 8|93:4 6|19:8 6|10:6 1|81:4 5|11:2 4|11:1 3|68:2 9|65:10 9|99:10 10|12:1 5|47:10 5|20:5 6|52:5 4|68:8 10|3:8 3|70:6 3|13:7 7|4:5 10|29:7 3|88:1 2|48:9 1|85:6 9|59:5 1|48:6 7|99:4 3|6:7 5|57:9 7|52:3 10|92:2 3|9:1 6|69:5 2|88:3 8|21:4 2|54:3 2|77:7 1|37:9 2|90:3 5|31:9 6|95:1 1|19:2 6|79:10 7|99:2 7|83:10 3|26:3 9|42:3 6|5:2 1|54:1 8|26:2 2|64:9 10|49:7 4|27:9 9|81:2 8|40:6 4|69:7 8|11:5 3|48:8 2|37:3 1|69:4 4|40:4 7|59:3 7|40:6 6|23:8 5|76:8 9|18:7 2|27:1 7|90:5 9|80:1 4|81:7 9|54:1 10|98:6 8|95:2 5|51:6 10|92:7 10|39:3 4|82:10 8|91:2 10|44:8 7</relation>
		<relation arity="2" defaultCost="infinity" name="R19" nbTuples="100" semantics="soft">87:9 2|35:1 4|73:4 10|69:3 8|43:3 5|29:6 4|23:6 9|23:8 1|9:7 5|33:4 4|19:6 7|97:2 5|64:1 10|13:9 8|61:10 10|79:7 10|80:3 9|41:5 2|70:5 3|14:8 4|81:8 2|20:6 8|14:4 5|71:6 3|66:8 10|62:2 2|84:9 7|22:4 9|65:3 6|88:8 6|38:9 3|23:3 2|84:7 2|39:2 1|45:7 9|16:8 5|33:10 6|22:3 10|70:7 4|37:3 1|69:2 8|17:8 7|96:9 5|14:6 10|44:10 3|52:3 4|75:10 8|54:4 3|11:1 5|87:2 6|13:1 2|44:5 4|43:3 3|41:1 3|27:10 2|82:1 6|78:5 6|34:1 9|50:4 8|70:8 3|11:7 1|20:5 1|1:6 1|32:7 3|56:5 5|79:6 2|14:7 7|17:8 9|85:8 8|34:6 5|27:6 6|97:9 6|15:2 9|29:2 10|44:9 4|47:1 7|55:7 6|60:10 4|10:4 2|18:10 9|96:10 1|47:5 7|25:4 7|87:10 5|15:4 1|3:5 8|59:3 7|71:7 8|48:1 8|40:5 9|62:2 7|71:9 1|60:2 3|98:2 4|21:5 10|1:4 6|88:9 9|69:10 7|65:1 1|77:9 10</relation>
		<relation arity="2" defaultCost="infinity" name="R20" nbTuples="100" semantics="soft">48:7 4|34:2 4|94:6 10|58:1 9|47:7 3|18:8 6|96:10 10|38:3 7|29:1 5|55:4 5|19:4 10|56:4 1|83:1 6|49:8 8|34:1 3|69:6 1|66:9 6|15:6 8|25:10 5|72:2 7|94:4 6|93:7 5|98:4 8|77:9 4|80:3 9|92:3 10|2:5 10|84:9 5|20:2 2|52:4 9|63:8 1|15:1 1|5:5 5|57:3 2|23:9 2|31:1 8|55:7 2|56:6 2|19:8 10|65:10 2|39:9 1|41:7 1|50:4 3|16:10 1|77:2 5|54:5 6|89:6 9|8:5 3|32:7 8|36:5 2|14:9 3|38:8 7|61:8 3|87:10 3|85:3 8|18:1 7|2:8 2|21:8 4|37:6 6|94:4 4|5:1 10|46:7 10|47:5 7|34:8 9|96:2 3|4:2 9|6:6 7|55:3 1|46:10 8|94:9 7|29:4 2|3:6 5|29:2 6|95:5 4|22:9 9|69:3 3|78:1 2|49:2 8|75:2 1|71:6 4|24:3 6|30:5 1|13:9 10|71:5 9|60:7 9|22:7 6|31:1 4|70:4 7|71:10 9|75:10 4|75:3 5|29:9 8|65:3 4|91:2 10|54:10 6|4:8 5|73:7 7|93:6 3|55:5 8|0:10 7</relation>
		<relation arity="2" defaultCost="infinity" name="R21" nbTuples="100" semantics="soft">47:10 4|71:10 9|32:4 2|7:10 8|72:5 2|4:6 1|83:1 3|43:7 2|50:2 6|24:8 6|57:9 4|9:1 4|49:10 2|92:10 1|16:8 9|84:9 9|67:5 8|47:2 5|64:6 10|91:7 5|66:4 6|1:2 1|5:6 8|87:3 2|24:2 7|11:1 7|17:9 7|54:2 10|16:4 8|59:1 2|46:8 2|86:4 3|90:7 10|94:8 3|37:3 8|63:5 3|96:9 8|40:1 9|47:2 9|89:6 5|46:5 9|69:6 2|62:3 4|95:4 4|94:9 2|38:9 3|48:8 10|30:5 5|72:3 1|80:2 4|55:6 7|57:9 10|23:7 4|32:3 3|11:5 4|78:10 5|67:9 6|18:5 7|69:2 8|86:7 3|23:2 2|61:7 6|29:1 6|45:6 4|59:4 9|60:10 10|66:8 7|23:9 5|76:7 1|8:3 7|39:3 5|7:10 6|56:4 7|23:3 6|20:5 1|16:8 1|43:4 10|90:4 5|30:10 3|55:8 4|98:1 10|14:10 7|52:6 6|68:5 6|19:3 10|6:6 9|58:7 9|10:8 8|89:4 1|19:9 1|95:1 5|31:8 5|60:7 8|90:1 1|66:6 3|97:1 8|50:2 3|91:5 10|18:3 9|79:7 7</relation>
	</relations>
	<GuiPresentation benchmark="RandomDCOP" density="50" domainSize="10" model="TKC" name="instance10" nbAgents="10" nbConstraints="22" nbTuples="100" tightness="0" type="DCOP" />
</instance>