<?xml version='1.0' encoding='UTF-8'?>
<instance>
	<presentation benchmark="RandomDCOP" constraintModel="TKC" format="XDisCSP 1.0" model="Simple" name="instance10" type="DCOP" />
	<agents nbAgents="10">
		<agent description="agent 1" id="1" name="A1" />
		<agent description="agent 2" id="2" name="A2" />
		<agent description="agent 3" id="3" name="A3" />
		<agent description="agent 4" id="4" name="A4" />
		<agent description="agent 5" id="5" name="A5" />
		<agent description="agent 6" id="6" name="A6" />
		<agent description="agent 7" id="7" name="A7" />
		<agent description="agent 8" id="8" name="A8" />
		<agent description="agent 9" id="9" name="A9" />
		<agent description="agent 10" id="10" name="A10" />
	</agents>
	<domains nbDomains="1">
		<domain name="D1" nbValues="10">1..10</domain>
	</domains>
	<variables nbVariables="10">
		<variable agent="A1" description="variable 1.1" domain="D1" id="1" name="X1.1" />
		<variable agent="A2" description="variable 2.1" domain="D1" id="1" name="X2.1" />
		<variable agent="A3" description="variable 3.1" domain="D1" id="1" name="X3.1" />
		<variable agent="A4" description="variable 4.1" domain="D1" id="1" name="X4.1" />
		<variable agent="A5" description="variable 5.1" domain="D1" id="1" name="X5.1" />
		<variable agent="A6" description="variable 6.1" domain="D1" id="1" name="X6.1" />
		<variable agent="A7" description="variable 7.1" domain="D1" id="1" name="X7.1" />
		<variable agent="A8" description="variable 8.1" domain="D1" id="1" name="X8.1" />
		<variable agent="A9" description="variable 9.1" domain="D1" id="1" name="X9.1" />
		<variable agent="A10" description="variable 10.1" domain="D1" id="1" name="X10.1" />
	</variables>
	<constraints initialCost="0" maximalCost="infinity" nbConstraints="20">
		<constraint arity="2" model="TKC" name="C0" reference="R0" scope="X1.1 X2.1" />
		<constraint arity="2" model="TKC" name="C1" reference="R1" scope="X1.1 X7.1" />
		<constraint arity="2" model="TKC" name="C2" reference="R2" scope="X1.1 X8.1" />
		<constraint arity="2" model="TKC" name="C3" reference="R3" scope="X1.1 X10.1" />
		<constraint arity="2" model="TKC" name="C4" reference="R4" scope="X1.1 X4.1" />
		<constraint arity="2" model="TKC" name="C5" reference="R5" scope="X2.1 X9.1" />
		<constraint arity="2" model="TKC" name="C6" reference="R6" scope="X2.1 X7.1" />
		<constraint arity="2" model="TKC" name="C7" reference="R7" scope="X2.1 X6.1" />
		<constraint arity="2" model="TKC" name="C8" reference="R8" scope="X3.1 X7.1" />
		<constraint arity="2" model="TKC" name="C9" reference="R9" scope="X3.1 X10.1" />
		<constraint arity="2" model="TKC" name="C10" reference="R10" scope="X3.1 X8.1" />
		<constraint arity="2" model="TKC" name="C11" reference="R11" scope="X4.1 X10.1" />
		<constraint arity="2" model="TKC" name="C12" reference="R12" scope="X5.1 X10.1" />
		<constraint arity="2" model="TKC" name="C13" reference="R13" scope="X5.1 X9.1" />
		<constraint arity="2" model="TKC" name="C14" reference="R14" scope="X6.1 X7.1" />
		<constraint arity="2" model="TKC" name="C15" reference="R15" scope="X6.1 X8.1" />
		<constraint arity="2" model="TKC" name="C16" reference="R16" scope="X7.1 X8.1" />
		<constraint arity="2" model="TKC" name="C17" reference="R17" scope="X7.1 X10.1" />
		<constraint arity="2" model="TKC" name="C18" reference="R18" scope="X8.1 X10.1" />
		<constraint arity="2" model="TKC" name="C19" reference="R19" scope="X8.1 X9.1" />
	</constraints>
	<relations nbRelations="20">
		<relation arity="2" defaultCost="infinity" name="R0" nbTuples="100" semantics="soft">39:5 2|46:10 9|94:4 5|27:7 9|90:5 3|82:4 9|38:8 7|55:10 5|21:1 8|75:7 2|66:5 9|22:4 7|56:3 7|47:2 1|94:2 4|57:5 4|16:1 7|86:7 3|85:3 9|43:10 1|55:1 6|45:4 1|57:10 8|90:7 10|14:2 5|23:2 10|37:2 3|82:9 7|63:7 5|51:8 1|17:6 4|18:5 7|8:5 8|36:8 8|45:4 3|49:6 10|66:10 2|62:6 9|13:3 5|43:9 8|24:9 5|55:6 7|78:2 8|50:8 2|88:7 8|72:7 4|47:1 3|71:2 9|53:10 6|38:3 1|22:5 10|71:10 7|52:5 5|76:4 4|41:9 9|48:2 6|62:9 4|69:3 3|80:1 5|97:8 3|52:9 3|63:6 6|76:3 6|19:3 4|93:9 6|16:8 6|92:1 1|8:2 7|9:8 4|40:9 1|51:6 8|68:10 3|22:2 2|71:4 10|23:1 9|7:10 10|83:4 8|96:6 3|50:10 4|51:8 9|23:9 2|69:1 2|14:5 1|81:4 6|61:6 1|88:7 1|97:4 2|37:8 10|52:8 5|66:6 2|78:9 10|46:6 5|59:3 10|61:7 6|17:7 7|90:3 2|31:1 4|28:3 8|80:5 6|24:1 10</relation>
		<relation arity="2" defaultCost="infinity" name="R1" nbTuples="100" semantics="soft">98:6 9|82:8 9|83:4 1|92:1 8|69:5 5|8:9 10|89:10 1|73:1 6|71:2 1|70:1 5|82:2 5|99:7 7|42:3 5|58:5 4|11:7 1|51:9 4|60:9 7|4:10 6|26:3 6|37:6 1|90:2 10|34:9 8|74:3 3|15:7 6|72:10 7|15:2 2|68:8 2|17:6 8|31:1 1|55:8 5|73:7 10|44:6 2|47:1 10|12:9 2|69:8 8|4:3 1|70:10 8|1:4 4|37:6 5|37:3 4|15:4 6|86:5 8|32:1 2|48:3 7|0:2 3|45:4 9|65:2 9|72:7 3|2:5 6|26:1 9|37:4 3|44:9 3|65:3 2|26:5 9|21:5 1|69:7 8|83:2 6|70:10 4|26:10 10|11:8 1|62:10 9|77:6 3|68:8 7|92:4 7|86:7 4|88:2 7|72:10 5|83:8 10|23:6 10|44:9 5|71:6 4|97:5 7|92:7 5|1:9 6|10:2 4|24:1 4|34:8 4|81:10 2|73:7 9|32:3 8|78:9 1|12:10 3|91:6 7|37:5 3|21:5 10|50:8 3|72:4 10|20:5 2|36:1 7|5:7 2|67:4 5|47:3 10|65:9 9|11:2 8|88:6 6|63:1 3|95:4 8|87:4 2|96:8 6|79:3 9</relation>
		<relation arity="2" defaultCost="infinity" name="R2" nbTuples="100" semantics="soft">61:8 5|8:3 8|80:1 7|41:1 8|84:7 7|59:1 4|35:8 1|23:9 3|87:2 2|25:8 9|65:10 5|96:3 9|59:7 4|89:10 8|75:4 4|24:4 9|38:9 2|62:1 10|37:8 6|44:6 2|67:4 8|40:3 3|17:9 4|21:6 9|52:1 2|4:7 10|32:10 10|99:5 10|25:3 7|38:2 10|71:9 8|36:5 2|4:4 2|96:1 9|27:3 5|64:9 10|35:2 9|43:4 6|13:8 10|9:2 5|78:1 6|88:3 2|36:2 1|81:4 5|17:2 8|81:8 2|51:6 7|27:5 3|98:4 10|94:3 10|40:7 8|34:2 4|2:3 4|50:7 6|93:10 2|5:8 7|17:7 3|31:9 1|99:5 5|61:10 7|81:9 5|46:4 1|99:8 3|50:5 7|8:8 4|6:9 9|22:10 1|58:2 7|33:5 9|16:3 6|29:10 4|83:3 1|91:4 7|4:7 2|77:7 5|40:6 3|61:6 4|54:9 7|76:5 8|35:10 6|61:6 10|64:6 8|97:6 5|25:9 6|30:6 1|51:7 1|31:2 3|73:7 9|58:10 3|32:10 9|82:1 1|31:5 1|16:1 5|20:2 6|31:1 3|25:5 4|10:5 6|52:8 8|52:4 3|49:6 6</relation>
		<relation arity="2" defaultCost="infinity" name="R3" nbTuples="100" semantics="soft">82:7 1|77:5 9|24:2 1|85:8 6|53:9 2|43:2 3|21:4 1|63:10 6|48:9 10|36:8 8|48:7 2|56:3 1|2:5 3|52:9 9|93:9 1|88:3 6|34:2 10|53:3 8|2:6 10|79:2 7|93:5 4|47:8 7|93:8 5|97:3 3|47:10 7|14:2 2|6:1 8|53:7 7|83:7 10|59:1 4|17:9 5|0:4 5|16:4 10|42:6 3|51:3 10|52:3 4|8:7 3|11:8 4|66:5 1|26:7 9|77:10 8|38:5 2|54:4 4|42:1 6|77:3 5|69:1 5|9:6 7|34:2 6|87:5 8|55:4 8|74:3 9|28:1 1|39:10 10|99:6 5|84:5 7|73:10 5|9:10 4|45:6 8|28:6 2|53:3 2|19:9 8|21:5 5|44:1 10|32:4 9|65:8 2|65:5 10|53:6 9|68:6 1|77:3 7|52:7 6|10:7 8|12:1 2|97:2 9|59:2 4|61:8 10|70:4 6|88:10 1|29:9 4|20:4 7|95:8 1|65:4 3|89:2 8|82:2 5|64:4 2|44:5 6|74:1 7|33:9 6|20:10 2|5:7 4|87:10 9|63:9 7|92:8 3|96:7 5|54:10 3|77:1 3|46:1 9|59:9 3|45:8 9|71:6 6|10:6 4</relation>
		<relation arity="2" defaultCost="infinity" name="R4" nbTuples="100" semantics="soft">2:10 6|18:9 5|76:3 1|28:1 7|32:2 2|82:6 4|76:5 8|11:4 3|40:10 9|51:6 5|34:8 6|37:9 9|83:1 1|82:4 7|91:8 1|95:5 2|15:3 7|72:3 2|36:5 7|86:9 8|31:2 9|34:3 9|98:9 4|51:8 7|60:7 9|55:1 8|2:7 3|35:6 3|2:10 10|65:10 1|67:8 3|76:5 4|26:6 10|4:6 8|67:9 6|1:5 6|78:2 4|51:6 2|12:1 5|37:3 5|12:4 8|92:3 8|7:2 7|57:4 10|58:8 2|15:5 1|33:4 4|79:7 5|13:3 10|65:4 1|8:6 9|4:8 8|56:2 8|19:1 6|34:3 3|97:7 7|79:9 10|34:1 9|20:2 1|25:1 3|82:3 4|77:1 10|97:7 8|54:7 1|53:10 8|99:3 6|33:9 1|7:2 3|92:10 7|67:7 10|93:5 9|54:8 10|13:7 6|3:5 3|56:10 5|41:1 2|46:4 9|21:9 7|30:9 2|14:6 6|19:10 2|99:10 4|18:8 9|96:6 7|42:1 4|31:4 6|25:7 2|67:7 4|47:2 5|3:4 2|0:6 1|55:2 10|51:10 3|74:5 10|41:8 4|73:4 5|40:2 6|70:8 5|86:5 5|73:9 3</relation>
		<relation arity="2" defaultCost="infinity" name="R5" nbTuples="100" semantics="soft">50:9 10|89:5 1|17:8 2|91:8 5|20:3 9|39:8 8|80:1 1|84:9 7|57:5 7|1:10 9|79:3 3|35:2 8|90:2 5|97:10 8|65:7 9|47:3 4|92:6 4|51:5 10|60:2 6|90:4 9|71:3 2|76:7 5|7:2 3|84:5 6|62:4 1|91:2 2|94:1 9|67:6 9|4:7 8|6:6 8|62:8 7|8:4 10|26:6 6|75:2 7|15:6 1|96:10 3|1:4 7|68:10 10|91:10 4|28:10 7|50:7 10|44:8 3|7:3 6|6:10 5|69:7 6|95:2 4|78:2 10|10:4 4|22:6 10|39:9 5|12:1 3|30:7 1|20:6 2|15:3 5|91:4 5|27:1 10|55:8 10|76:1 5|82:2 1|1:9 8|96:8 4|81:4 8|15:7 3|79:6 3|69:1 8|46:3 10|98:8 1|60:8 6|7:9 3|95:9 9|71:5 2|55:2 9|93:9 6|10:1 2|72:9 1|12:10 6|95:8 9|38:5 8|92:7 2|5:4 2|87:3 1|45:5 4|49:1 6|17:4 6|1:1 7|42:1 4|84:4 3|60:9 4|53:9 2|12:5 3|13:7 7|20:3 8|29:3 7|33:6 5|1:6 7|40:10 2|8:5 9|96:5 5|62:7 4|55:10 1</relation>
		<relation arity="2" defaultCost="infinity" name="R6" nbTuples="100" semantics="soft">26:8 2|16:2 8|55:8 1|85:4 4|87:7 3|70:2 7|24:10 2|34:8 9|65:9 4|78:8 4|97:2 10|8:2 3|65:7 8|97:2 4|99:9 2|32:1 10|75:9 9|67:7 2|64:7 5|10:10 4|9:3 5|34:6 1|43:8 6|83:1 1|3:8 3|55:5 5|92:7 6|52:4 6|21:5 10|96:5 8|81:6 7|0:2 9|41:6 4|67:1 7|9:10 9|50:3 6|84:4 3|98:3 3|47:6 10|35:9 1|72:1 4|95:5 1|19:5 2|72:8 7|18:5 9|59:7 10|80:2 1|76:1 9|15:6 8|81:10 1|32:9 5|58:6 5|14:9 6|1:3 4|42:5 6|97:7 9|97:2 6|51:9 7|79:9 8|62:5 3|19:3 9|31:4 7|84:3 10|91:6 6|82:10 8|45:1 8|89:4 10|1:10 10|4:4 1|87:7 1|75:1 5|7:9 10|24:5 4|28:3 7|79:10 7|33:1 6|31:8 10|41:4 9|83:8 5|52:6 9|83:5 7|16:7 4|58:9 3|98:10 3|51:1 3|78:3 8|51:6 2|3:10 5|91:10 6|79:4 8|87:6 3|36:7 7|1:2 2|32:4 2|58:3 1|73:3 2|55:4 5|1:8 8|85:1 2|40:2 5</relation>
		<relation arity="2" defaultCost="infinity" name="R7" nbTuples="100" semantics="soft">16:1 1|13:2 1|81:6 8|36:4 9|94:1 10|99:9 10|16:2 2|23:4 4|29:8 8|55:10 8|97:6 2|12:3 5|83:5 1|5:7 1|37:4 10|19:6 6|41:1 4|44:8 3|28:5 7|60:3 2|29:8 1|42:2 7|34:3 6|15:1 6|21:8 2|99:2 5|68:8 6|53:7 3|79:3 1|42:9 3|46:3 4|27:10 4|98:6 4|82:1 9|38:9 4|91:10 6|65:8 9|57:3 3|34:1 3|44:10 7|9:8 5|7:7 7|18:3 7|33:1 8|42:6 5|90:6 9|14:9 5|68:10 9|9:1 7|47:4 7|78:2 4|80:4 6|3:10 5|76:5 8|61:4 5|80:2 3|89:8 7|69:7 5|39:4 8|10:9 2|89:2 8|21:4 1|40:10 3|66:1 5|77:6 1|51:4 2|62:5 4|67:3 10|2:5 9|69:8 10|32:7 4|61:8 4|58:6 3|22:5 2|48:5 5|23:2 6|59:10 10|94:3 9|40:4 3|65:6 7|95:6 10|95:10 2|50:9 1|27:9 9|66:7 10|88:9 7|29:7 9|29:7 2|4:7 8|97:1 2|91:3 8|88:5 3|29:9 6|82:2 9|26:2 10|97:5 10|58:10 1|60:7 6|69:9 8|80:5 6</relation>
		<relation arity="2" defaultCost="infinity" name="R8" nbTuples="100" semantics="soft">24:6 10|46:9 5|95:9 8|89:7 7|61:8 2|16:8 8|65:9 1|26:7 10|5:2 2|92:3 8|90:6 8|77:4 2|1:5 2|44:2 10|30:4 3|85:5 1|39:8 6|44:6 1|26:7 9|31:1 6|25:1 10|56:1 9|52:10 5|98:6 9|8:8 4|75:2 3|14:3 6|46:9 2|18:2 4|70:8 1|40:7 6|57:2 8|11:7 8|68:7 3|6:3 9|13:4 7|57:8 9|67:5 6|57:3 2|79:2 7|81:10 1|26:6 5|52:8 7|27:9 4|57:5 7|5:7 1|61:3 1|16:10 3|53:5 8|49:2 6|85:6 6|25:9 6|35:8 3|87:4 8|44:3 7|84:10 6|97:10 10|70:10 2|76:4 6|99:2 9|91:5 10|64:8 10|51:5 3|40:8 5|98:3 3|37:5 4|60:4 9|9:10 7|3:9 7|6:10 9|3:7 4|73:1 2|2:3 10|18:1 3|77:6 7|38:3 4|77:6 2|83:1 4|20:2 1|81:9 10|52:4 4|3:6 3|52:4 10|50:1 8|60:1 1|92:7 2|19:4 1|26:9 3|95:2 5|64:7 5|67:5 9|98:3 5|19:5 5|11:9 9|4:1 7|93:6 4|26:4 5|58:10 8|52:1 5|72:10 4</relation>
		<relation arity="2" defaultCost="infinity" name="R9" nbTuples="100" semantics="soft">80:7 10|10:2 10|39:4 6|0:8 4|38:10 3|65:4 9|43:10 1|47:6 3|78:6 5|18:1 7|24:8 8|62:5 5|79:7 6|24:8 10|77:7 2|69:10 5|25:10 2|3:6 6|9:9 9|12:6 2|34:7 1|50:8 5|55:9 3|97:9 2|92:3 4|21:2 5|45:10 10|48:5 9|76:7 8|74:4 4|36:10 7|36:3 8|43:3 2|86:9 10|37:3 3|4:1 2|82:1 5|14:2 3|83:1 3|28:5 3|9:6 4|65:5 4|93:4 3|41:2 6|19:4 2|67:3 1|22:3 5|81:1 6|56:3 10|40:2 4|83:5 1|2:2 7|8:1 1|12:10 4|68:2 9|8:1 10|99:4 10|54:10 9|50:6 1|71:9 7|0:2 8|22:4 5|6:5 7|38:5 2|52:2 1|73:1 9|28:3 9|93:9 5|26:1 8|45:4 8|52:7 5|99:8 7|85:1 4|89:6 10|38:9 4|0:4 1|26:7 7|68:4 7|73:9 1|90:5 10|69:5 6|24:8 9|30:8 3|89:8 6|48:3 6|90:6 9|55:6 7|97:8 2|87:7 3|64:2 2|71:10 6|31:5 8|27:7 9|41:9 6|98:10 8|63:9 8|53:7 4|14:6 8|44:8 1|16:3 7</relation>
		<relation arity="2" defaultCost="infinity" name="R10" nbTuples="100" semantics="soft">71:7 3|85:6 3|30:1 4|6:5 9|90:9 2|17:10 6|14:10 8|48:9 9|29:8 7|33:4 2|99:9 5|44:8 9|2:9 3|10:2 7|14:8 2|87:3 2|13:2 8|95:8 8|61:10 5|37:6 2|26:5 3|21:4 3|3:2 5|39:9 6|58:8 5|63:1 3|26:5 8|41:8 3|57:2 4|31:1 10|66:9 8|55:3 1|50:3 5|1:4 5|27:4 9|72:4 6|66:4 4|53:3 6|38:10 10|63:6 1|88:3 8|84:3 4|27:5 10|92:9 10|71:5 6|66:6 8|46:10 7|31:3 3|62:6 6|66:10 9|4:10 2|32:2 10|3:10 1|91:8 6|12:8 10|81:1 1|82:7 7|29:2 1|92:5 1|73:2 9|55:9 1|94:10 3|76:3 7|47:8 1|6:6 5|79:2 6|73:4 10|70:7 8|57:8 4|56:3 9|94:7 2|55:6 10|67:7 9|22:1 8|49:4 1|43:1 7|38:7 5|70:4 7|98:7 4|33:9 7|38:1 5|94:7 10|53:7 6|73:3 10|40:5 5|88:6 7|2:1 2|80:2 2|47:5 7|40:1 6|71:6 9|0:6 4|98:5 2|50:4 8|10:2 3|55:1 9|16:7 1|96:5 4|13:9 4|28:10 4</relation>
		<relation arity="2" defaultCost="infinity" name="R11" nbTuples="100" semantics="soft">79:4 5|43:8 10|30:10 8|35:1 5|62:6 4|23:5 2|10:4 6|49:10 6|51:1 1|99:7 9|43:9 4|13:3 4|57:7 2|47:9 2|38:8 2|81:10 1|46:3 7|11:10 2|12:5 10|68:1 8|94:7 5|20:7 6|86:4 3|37:10 3|51:2 8|1:6 5|42:5 8|82:5 5|32:9 8|94:9 9|27:6 1|67:9 3|41:7 3|46:6 9|77:6 8|72:4 7|30:1 10|99:2 6|93:8 4|47:9 7|41:2 7|8:10 4|66:8 7|74:1 9|71:8 6|24:2 4|51:6 3|77:3 5|84:2 2|97:5 7|54:7 8|49:8 3|26:1 4|17:4 1|78:9 5|77:1 7|62:7 7|67:5 9|65:2 5|89:3 10|72:4 8|27:6 2|49:1 2|80:9 10|39:4 2|3:3 6|94:4 9|19:9 6|47:6 7|36:3 9|71:10 7|55:4 10|21:8 8|29:10 9|62:3 3|46:10 10|83:7 4|19:3 2|24:9 1|33:10 5|70:3 8|10:2 3|5:2 9|17:1 6|16:6 6|39:5 6|72:5 1|78:5 3|94:2 10|22:8 1|12:7 10|3:8 9|99:6 10|7:8 5|51:1 3|47:7 1|46:3 1|6:5 4|52:4 4|63:2 1</relation>
		<relation arity="2" defaultCost="infinity" name="R12" nbTuples="100" semantics="soft">72:5 3|90:7 4|16:5 1|19:1 3|63:7 8|87:8 9|17:2 8|82:6 5|61:9 9|71:8 7|50:1 1|54:6 9|50:8 1|10:3 8|32:6 3|65:10 4|65:7 1|52:2 7|70:2 10|37:3 9|98:3 5|38:7 3|90:4 3|19:10 3|47:9 10|45:10 6|78:3 7|60:9 3|70:4 9|15:9 7|82:7 7|28:9 4|51:2 4|44:6 6|44:4 2|1:8 3|97:2 9|69:2 3|77:8 5|6:5 2|42:5 10|94:4 6|58:3 3|90:3 2|12:1 9|51:2 6|1:8 2|56:10 2|50:4 1|31:4 5|46:10 1|20:1 2|76:1 7|99:9 8|5:5 7|93:8 4|19:1 10|95:8 10|47:5 5|6:5 9|7:7 10|50:9 6|49:6 4|32:5 6|81:9 2|0:10 5|48:2 5|26:1 8|2:10 8|3:4 7|66:5 8|49:4 10|96:10 10|32:1 4|5:6 1|79:8 6|23:10 7|26:2 2|14:7 9|3:9 5|84:7 2|78:6 2|13:4 4|37:8 8|24:3 4|61:5 4|19:7 6|35:3 6|11:2 1|56:4 8|29:6 7|75:9 1|52:1 5|19:6 10|31:1 6|97:6 8|73:3 10|5:7 5|29:10 9|96:3 1</relation>
		<relation arity="2" defaultCost="infinity" name="R13" nbTuples="100" semantics="soft">42:6 3|59:4 5|80:3 3|26:6 1|64:10 8|7:5 4|21:10 10|92:3 5|18:7 9|83:1 1|46:3 4|16:5 1|20:5 3|54:9 2|68:9 7|34:7 2|99:1 10|76:3 2|64:9 9|58:7 3|53:5 6|15:6 6|38:2 10|69:3 10|9:9 6|63:8 6|43:10 1|56:8 4|90:10 9|34:7 6|28:1 6|74:7 5|4:4 10|56:6 2|37:5 8|48:4 7|16:6 10|17:9 8|86:8 9|12:6 4|8:9 10|86:3 9|58:1 7|36:5 7|78:4 6|75:8 2|10:6 8|67:1 5|53:1 8|55:2 9|61:10 4|40:7 8|59:10 7|96:2 5|12:3 8|83:2 1|39:10 5|81:7 4|34:10 6|14:10 3|94:1 9|12:5 10|15:2 7|42:4 8|82:5 9|80:6 5|69:2 3|99:6 7|54:9 4|71:3 6|76:9 1|8:2 4|43:8 5|68:7 1|98:1 4|69:5 2|0:3 1|1:9 3|91:4 3|24:4 4|19:2 2|84:4 2|13:7 10|29:8 3|22:7 7|22:3 7|81:4 1|1:2 6|41:8 8|90:8 1|91:1 3|72:8 10|55:6 9|71:1 2|18:5 5|95:8 7|32:10 2|77:2 8|3:9 5|12:4 9</relation>
		<relation arity="2" defaultCost="infinity" name="R14" nbTuples="100" semantics="soft">24:8 3|15:4 8|60:9 8|34:6 8|83:2 6|87:1 4|14:8 4|46:3 1|6:5 6|67:5 5|84:5 9|42:2 4|88:7 7|16:10 8|0:3 2|97:5 4|90:6 1|58:7 3|30:5 10|47:7 1|84:4 1|55:9 2|76:8 10|4:10 5|74:7 5|60:6 7|24:6 5|89:8 2|25:3 3|51:9 3|40:2 2|58:8 9|92:7 8|41:10 7|29:6 10|78:6 2|38:3 10|61:7 9|21:2 8|46:1 1|32:4 9|66:7 2|84:10 3|71:5 3|89:5 2|72:2 7|69:4 5|60:6 6|93:10 2|17:3 5|53:2 9|58:8 6|79:7 10|54:6 4|20:2 10|87:10 9|89:4 2|17:9 4|2:1 7|19:3 6|64:7 6|6:5 1|19:5 8|87:1 3|2:9 9|53:1 8|35:3 9|54:9 6|37:2 5|24:3 8|55:4 6|93:2 1|5:9 10|45:9 1|77:7 4|14:5 7|44:2 3|44:4 7|12:10 10|43:8 7|26:8 1|53:1 6|52:4 3|21:10 4|11:9 7|27:4 4|67:1 9|83:4 10|5:6 9|3:3 7|2:1 5|27:9 5|94:3 4|41:10 1|67:10 6|68:8 5|83:6 3|67:1 2|37:8 8|42:1 10</relation>
		<relation arity="2" defaultCost="infinity" name="R15" nbTuples="100" semantics="soft">7:4 8|68:3 1|1:9 5|64:1 9|53:9 6|65:5 4|74:3 8|43:9 3|52:5 9|72:2 9|7:10 4|37:3 7|37:4 10|51:5 7|28:6 8|70:6 3|31:1 4|19:4 1|77:9 4|53:1 6|31:10 8|25:8 8|67:2 1|39:9 2|65:10 5|56:3 4|82:1 10|20:3 9|70:9 8|33:6 10|21:6 5|19:3 3|99:4 3|21:8 9|98:10 3|64:7 2|6:5 5|55:1 3|99:5 3|47:4 7|55:6 6|28:2 2|60:1 7|36:4 2|21:6 1|19:7 3|95:8 2|61:4 9|29:5 10|91:8 1|54:9 1|7:3 6|59:10 1|21:4 5|1:9 7|20:6 2|19:10 10|40:7 7|44:5 1|46:10 9|43:2 6|42:7 4|31:5 2|99:1 2|12:8 5|66:2 4|98:9 9|28:8 10|71:2 10|75:10 7|58:8 4|39:6 9|18:9 10|98:2 5|8:5 8|1:4 4|19:10 6|89:2 7|78:1 1|9:7 5|5:8 6|28:6 7|86:3 10|52:8 7|16:7 6|67:7 9|99:3 5|92:4 6|10:2 3|91:7 10|22:7 1|52:2 8|11:10 2|77:7 8|36:8 3|80:5 6|82:1 8|45:1 5|40:6 4|37:3 2</relation>
		<relation arity="2" defaultCost="infinity" name="R16" nbTuples="100" semantics="soft">91:4 3|10:5 5|55:9 4|21:3 8|47:9 5|83:9 3|38:3 6|7:3 2|51:9 8|20:5 4|17:10 1|27:2 7|22:9 10|36:4 1|4:6 5|94:10 6|42:4 7|26:1 4|83:8 4|76:8 1|68:10 3|59:6 7|28:7 10|31:8 5|50:2 4|68:9 7|3:10 5|92:4 6|0:3 1|73:7 5|64:2 5|43:9 9|76:8 9|61:6 10|77:6 1|52:1 3|55:7 8|1:4 10|19:3 5|46:9 6|48:7 6|54:10 9|59:9 2|60:6 6|99:5 9|23:6 8|69:1 9|95:7 7|33:1 7|40:6 2|15:10 4|78:4 8|26:8 8|25:5 3|26:6 9|76:10 10|78:1 10|27:6 4|97:7 1|47:5 2|49:5 7|34:5 10|34:4 5|52:7 2|75:5 6|40:8 3|17:4 9|77:2 2|1:2 10|0:8 2|88:8 6|0:6 3|97:5 1|16:2 9|73:2 1|81:2 6|70:4 2|75:3 3|86:4 4|19:1 1|26:3 7|76:1 6|85:5 8|82:1 8|17:8 7|85:10 8|83:7 9|63:2 3|41:3 4|8:3 10|31:9 1|82:1 2|46:1 5|44:10 7|57:10 2|27:3 9|67:2 8|53:8 10|84:7 3|96:7 4</relation>
		<relation arity="2" defaultCost="infinity" name="R17" nbTuples="100" semantics="soft">80:8 6|35:9 6|94:8 4|45:5 2|1:9 5|48:2 2|31:1 5|11:9 3|38:2 10|20:4 7|35:5 7|77:9 10|94:2 4|77:6 5|22:1 6|15:6 3|13:10 8|46:8 10|0:7 6|7:6 9|37:2 5|90:1 10|50:6 4|55:5 5|64:1 8|92:10 5|17:9 1|53:5 10|52:4 2|64:9 4|22:7 10|76:3 3|90:3 1|47:7 7|58:8 3|38:3 6|2:6 1|4:1 9|89:7 9|36:7 8|16:1 3|17:8 2|99:9 9|23:10 6|90:4 10|82:3 9|16:3 10|74:3 5|76:1 4|15:5 8|62:7 2|40:4 3|73:5 6|50:8 5|19:8 1|15:8 8|28:6 6|89:7 4|20:8 9|20:2 8|98:10 9|30:5 9|75:4 6|25:6 8|58:2 3|51:6 10|93:5 3|77:8 7|76:9 7|8:1 2|63:7 1|13:5 1|95:10 3|61:4 5|29:10 2|68:1 1|63:2 7|2:6 7|83:7 5|12:2 1|85:3 7|56:6 2|7:9 8|75:4 9|92:4 1|30:10 7|60:2 9|17:5 4|31:7 3|40:2 6|2:10 4|16:3 4|53:4 4|77:9 2|44:3 8|22:4 8|99:1 7|5:3 2|69:10 1|89:10 10</relation>
		<relation arity="2" defaultCost="infinity" name="R18" nbTuples="100" semantics="soft">67:4 6|26:2 7|9:1 1|32:7 7|26:9 6|30:2 2|86:7 3|35:3 7|72:2 9|74:10 3|56:7 5|55:1 5|52:7 8|45:9 2|0:10 7|54:8 1|62:10 2|58:10 5|13:8 7|88:7 10|44:6 6|83:4 8|99:2 8|5:4 2|65:9 9|96:3 6|27:5 4|27:5 10|23:5 3|93:3 5|48:8 6|27:4 3|87:1 2|0:6 2|52:2 4|15:7 6|68:10 9|72:4 4|0:2 1|27:3 4|31:6 8|47:3 9|93:5 6|95:6 10|77:1 3|27:3 2|28:1 10|80:2 10|25:5 5|16:7 4|36:6 5|47:1 8|15:7 9|79:7 1|13:3 8|55:8 10|37:2 5|43:2 6|6:7 2|41:10 8|60:1 9|93:1 4|35:8 2|68:6 1|67:6 7|75:9 8|74:10 6|8:3 10|84:9 4|35:4 7|67:4 10|82:8 3|49:9 10|96:6 4|92:4 1|33:5 2|12:6 3|12:5 9|65:10 1|23:9 7|40:5 1|14:10 4|92:8 8|10:8 9|95:3 3|65:8 5|51:1 7|6:6 9|17:1 6|47:8 4|32:4 5|32:4 9|45:9 3|19:10 10|39:9 1|37:9 5|57:5 7|12:5 8|12:2 3|1:3 1</relation>
		<relation arity="2" defaultCost="infinity" name="R19" nbTuples="100" semantics="soft">87:10 5|33:1 2|66:4 3|25:9 3|95:1 9|49:5 10|34:8 10|78:10 1|42:1 8|57:10 3|77:4 10|15:1 5|27:3 2|18:2 5|90:7 3|36:7 8|98:9 9|45:3 7|76:7 4|56:1 3|18:9 6|2:8 5|13:2 9|77:1 4|66:6 10|52:5 3|42:1 7|35:7 6|23:5 1|97:6 2|9:10 6|79:1 10|92:9 8|79:2 2|8:4 8|37:7 9|69:2 1|67:3 1|18:9 2|27:9 4|94:7 2|63:3 6|99:8 7|51:4 5|42:9 1|68:4 9|1:1 6|33:8 2|40:3 10|51:6 1|13:8 1|11:5 7|25:7 1|68:2 7|23:3 4|49:8 9|6:10 10|0:4 2|68:3 3|68:2 3|45:4 6|10:10 2|84:7 5|23:10 4|55:6 4|76:5 9|75:8 6|81:9 5|95:6 6|96:6 3|70:1 1|11:8 3|71:2 4|86:5 8|21:9 10|8:3 5|54:6 7|18:6 8|65:6 5|98:7 10|63:5 6|17:8 4|78:8 8|9:4 1|29:3 8|57:6 9|19:9 7|58:5 2|75:10 8|2:10 9|74:5 5|66:4 4|19:10 7|6:4 7|63:2 8|24:2 6|33:7 7|95:3 9|17:2 10|75:5 4</relation>
	</relations>
	<GuiPresentation benchmark="RandomDCOP" density="50" domainSize="10" model="TKC" name="instance10" nbAgents="10" nbConstraints="20" nbTuples="100" tightness="0" type="DCOP" />
</instance>