<?xml version='1.0' encoding='UTF-8'?>
<instance>
	<presentation benchmark="RandomDCOP" constraintModel="TKC" format="XDisCSP 1.0" model="Simple" name="instance1" type="DCOP" />
	<agents nbAgents="16">
		<agent description="agent 1" id="1" name="A1" />
		<agent description="agent 2" id="2" name="A2" />
		<agent description="agent 3" id="3" name="A3" />
		<agent description="agent 4" id="4" name="A4" />
		<agent description="agent 5" id="5" name="A5" />
		<agent description="agent 6" id="6" name="A6" />
		<agent description="agent 7" id="7" name="A7" />
		<agent description="agent 8" id="8" name="A8" />
		<agent description="agent 9" id="9" name="A9" />
		<agent description="agent 10" id="10" name="A10" />
		<agent description="agent 11" id="11" name="A11" />
		<agent description="agent 12" id="12" name="A12" />
		<agent description="agent 13" id="13" name="A13" />
		<agent description="agent 14" id="14" name="A14" />
		<agent description="agent 15" id="15" name="A15" />
		<agent description="agent 16" id="16" name="A16" />
	</agents>
	<domains nbDomains="1">
		<domain name="D1" nbValues="3">1..3</domain>
	</domains>
	<variables nbVariables="16">
		<variable agent="A1" description="variable 1.1" domain="D1" id="1" name="X1.1" />
		<variable agent="A2" description="variable 2.1" domain="D1" id="1" name="X2.1" />
		<variable agent="A3" description="variable 3.1" domain="D1" id="1" name="X3.1" />
		<variable agent="A4" description="variable 4.1" domain="D1" id="1" name="X4.1" />
		<variable agent="A5" description="variable 5.1" domain="D1" id="1" name="X5.1" />
		<variable agent="A6" description="variable 6.1" domain="D1" id="1" name="X6.1" />
		<variable agent="A7" description="variable 7.1" domain="D1" id="1" name="X7.1" />
		<variable agent="A8" description="variable 8.1" domain="D1" id="1" name="X8.1" />
		<variable agent="A9" description="variable 9.1" domain="D1" id="1" name="X9.1" />
		<variable agent="A10" description="variable 10.1" domain="D1" id="1" name="X10.1" />
		<variable agent="A11" description="variable 11.1" domain="D1" id="1" name="X11.1" />
		<variable agent="A12" description="variable 12.1" domain="D1" id="1" name="X12.1" />
		<variable agent="A13" description="variable 13.1" domain="D1" id="1" name="X13.1" />
		<variable agent="A14" description="variable 14.1" domain="D1" id="1" name="X14.1" />
		<variable agent="A15" description="variable 15.1" domain="D1" id="1" name="X15.1" />
		<variable agent="A16" description="variable 16.1" domain="D1" id="1" name="X16.1" />
	</variables>
	<constraints initialCost="0" maximalCost="infinity" nbConstraints="23">
		<constraint arity="2" model="TKC" name="C0" reference="R0" scope="X1.1 X10.1" />
		<constraint arity="2" model="TKC" name="C1" reference="R1" scope="X1.1 X2.1" />
		<constraint arity="2" model="TKC" name="C2" reference="R2" scope="X1.1 X8.1" />
		<constraint arity="2" model="TKC" name="C3" reference="R3" scope="X1.1 X7.1" />
		<constraint arity="2" model="TKC" name="C4" reference="R4" scope="X2.1 X6.1" />
		<constraint arity="2" model="TKC" name="C5" reference="R5" scope="X3.1 X12.1" />
		<constraint arity="2" model="TKC" name="C6" reference="R6" scope="X3.1 X4.1" />
		<constraint arity="2" model="TKC" name="C7" reference="R7" scope="X3.1 X10.1" />
		<constraint arity="2" model="TKC" name="C8" reference="R8" scope="X3.1 X13.1" />
		<constraint arity="2" model="TKC" name="C9" reference="R9" scope="X4.1 X10.1" />
		<constraint arity="2" model="TKC" name="C10" reference="R10" scope="X4.1 X12.1" />
		<constraint arity="2" model="TKC" name="C11" reference="R11" scope="X4.1 X13.1" />
		<constraint arity="2" model="TKC" name="C12" reference="R12" scope="X5.1 X13.1" />
		<constraint arity="2" model="TKC" name="C13" reference="R13" scope="X5.1 X11.1" />
		<constraint arity="2" model="TKC" name="C14" reference="R14" scope="X5.1 X15.1" />
		<constraint arity="2" model="TKC" name="C15" reference="R15" scope="X5.1 X14.1" />
		<constraint arity="2" model="TKC" name="C16" reference="R16" scope="X6.1 X11.1" />
		<constraint arity="2" model="TKC" name="C17" reference="R17" scope="X7.1 X14.1" />
		<constraint arity="2" model="TKC" name="C18" reference="R18" scope="X9.1 X12.1" />
		<constraint arity="2" model="TKC" name="C19" reference="R19" scope="X9.1 X15.1" />
		<constraint arity="2" model="TKC" name="C20" reference="R20" scope="X10.1 X15.1" />
		<constraint arity="2" model="TKC" name="C21" reference="R21" scope="X11.1 X13.1" />
		<constraint arity="2" model="TKC" name="C22" reference="R22" scope="X15.1 X16.1" />
	</constraints>
	<relations nbRelations="23">
		<relation arity="2" defaultCost="infinity" name="R0" nbTuples="9" semantics="soft">82:1 2|48:2 3|24:3 1|46:3 3|63:2 1|62:3 2|4:1 1|30:1 3|25:2 2</relation>
		<relation arity="2" defaultCost="infinity" name="R1" nbTuples="9" semantics="soft">75:2 2|71:2 1|7:2 3|80:1 3|89:3 2|10:1 2|37:3 1|0:3 3|87:1 1</relation>
		<relation arity="2" defaultCost="infinity" name="R2" nbTuples="9" semantics="soft">7:1 2|48:3 3|2:2 2|43:2 1|47:1 1|55:3 1|49:1 3|9:2 3|27:3 2</relation>
		<relation arity="2" defaultCost="infinity" name="R3" nbTuples="9" semantics="soft">87:3 1|39:2 2|89:1 3|65:1 1|6:3 2|4:2 3|63:3 3|12:1 2|70:2 1</relation>
		<relation arity="2" defaultCost="infinity" name="R4" nbTuples="9" semantics="soft">49:1 1|78:3 1|22:1 3|53:2 3|67:2 1|40:3 2|40:3 3|16:2 2|38:1 2</relation>
		<relation arity="2" defaultCost="infinity" name="R5" nbTuples="9" semantics="soft">13:3 2|76:2 3|55:3 3|55:3 1|76:2 2|18:2 1|46:1 1|21:1 2|10:1 3</relation>
		<relation arity="2" defaultCost="infinity" name="R6" nbTuples="9" semantics="soft">87:3 1|95:2 3|54:3 3|22:2 2|3:1 3|19:1 1|59:3 2|11:2 1|45:1 2</relation>
		<relation arity="2" defaultCost="infinity" name="R7" nbTuples="9" semantics="soft">53:2 1|22:3 1|95:1 3|86:1 2|90:1 1|81:3 3|69:3 2|6:2 2|29:2 3</relation>
		<relation arity="2" defaultCost="infinity" name="R8" nbTuples="9" semantics="soft">9:1 2|33:2 1|21:3 2|54:3 1|69:1 1|70:2 2|81:3 3|90:1 3|30:2 3</relation>
		<relation arity="2" defaultCost="infinity" name="R9" nbTuples="9" semantics="soft">92:2 2|95:1 3|70:2 1|80:1 1|97:3 3|24:1 2|67:3 1|40:2 3|94:3 2</relation>
		<relation arity="2" defaultCost="infinity" name="R10" nbTuples="9" semantics="soft">51:2 1|51:3 1|90:1 3|32:2 2|45:3 3|93:1 1|57:3 2|21:1 2|8:2 3</relation>
		<relation arity="2" defaultCost="infinity" name="R11" nbTuples="9" semantics="soft">71:3 1|89:2 2|41:2 1|9:1 3|9:1 2|23:1 1|26:3 3|70:2 3|80:3 2</relation>
		<relation arity="2" defaultCost="infinity" name="R12" nbTuples="9" semantics="soft">2:3 1|58:1 3|73:2 3|52:3 2|3:2 1|71:1 1|9:3 3|57:2 2|2:1 2</relation>
		<relation arity="2" defaultCost="infinity" name="R13" nbTuples="9" semantics="soft">19:3 3|48:1 3|16:3 2|81:2 2|19:2 3|80:1 2|12:3 1|78:2 1|86:1 1</relation>
		<relation arity="2" defaultCost="infinity" name="R14" nbTuples="9" semantics="soft">22:1 1|7:3 3|6:1 3|25:2 3|17:1 2|53:3 1|86:3 2|18:2 1|59:2 2</relation>
		<relation arity="2" defaultCost="infinity" name="R15" nbTuples="9" semantics="soft">54:1 3|45:3 1|58:1 2|97:2 3|85:2 1|41:3 3|52:3 2|10:2 2|5:1 1</relation>
		<relation arity="2" defaultCost="infinity" name="R16" nbTuples="9" semantics="soft">35:2 2|24:1 1|16:1 3|2:2 3|41:3 2|87:3 1|16:2 1|4:3 3|45:1 2</relation>
		<relation arity="2" defaultCost="infinity" name="R17" nbTuples="9" semantics="soft">60:2 3|69:2 1|59:3 2|10:1 2|65:3 3|50:1 3|99:3 1|3:2 2|52:1 1</relation>
		<relation arity="2" defaultCost="infinity" name="R18" nbTuples="9" semantics="soft">78:3 2|95:2 2|84:1 3|18:2 1|38:1 1|40:3 3|94:2 3|7:1 2|63:3 1</relation>
		<relation arity="2" defaultCost="infinity" name="R19" nbTuples="9" semantics="soft">74:3 3|63:2 1|88:1 1|41:3 2|90:3 1|85:2 2|94:1 2|81:1 3|39:2 3</relation>
		<relation arity="2" defaultCost="infinity" name="R20" nbTuples="9" semantics="soft">77:2 2|28:1 3|0:2 1|25:3 3|6:3 2|6:2 3|39:3 1|24:1 1|49:1 2</relation>
		<relation arity="2" defaultCost="infinity" name="R21" nbTuples="9" semantics="soft">97:3 1|42:3 2|33:2 3|17:3 3|30:1 1|9:2 2|49:1 2|66:1 3|95:2 1</relation>
		<relation arity="2" defaultCost="infinity" name="R22" nbTuples="9" semantics="soft">33:2 1|50:1 1|58:1 2|58:2 3|2:1 3|72:3 1|65:3 2|31:2 2|22:3 3</relation>
	</relations>
	<GuiPresentation benchmark="RandomDCOP" density="20" domainSize="3" model="TKC" name="instance1" nbAgents="16" nbConstraints="23" nbTuples="9" tightness="0" type="DCOP" />
</instance>