<?xml version='1.0' encoding='UTF-8'?>
<instance>
	<presentation benchmark="RandomDCOP" constraintModel="TKC" format="XDisCSP 1.0" model="Simple" name="instance1" type="DCOP" />
	<agents nbAgents="14">
		<agent description="agent 1" id="1" name="A1" />
		<agent description="agent 2" id="2" name="A2" />
		<agent description="agent 3" id="3" name="A3" />
		<agent description="agent 4" id="4" name="A4" />
		<agent description="agent 5" id="5" name="A5" />
		<agent description="agent 6" id="6" name="A6" />
		<agent description="agent 7" id="7" name="A7" />
		<agent description="agent 8" id="8" name="A8" />
		<agent description="agent 9" id="9" name="A9" />
		<agent description="agent 10" id="10" name="A10" />
		<agent description="agent 11" id="11" name="A11" />
		<agent description="agent 12" id="12" name="A12" />
		<agent description="agent 13" id="13" name="A13" />
		<agent description="agent 14" id="14" name="A14" />
	</agents>
	<domains nbDomains="1">
		<domain name="D1" nbValues="3">1..3</domain>
	</domains>
	<variables nbVariables="14">
		<variable agent="A1" description="variable 1.1" domain="D1" id="1" name="X1.1" />
		<variable agent="A2" description="variable 2.1" domain="D1" id="1" name="X2.1" />
		<variable agent="A3" description="variable 3.1" domain="D1" id="1" name="X3.1" />
		<variable agent="A4" description="variable 4.1" domain="D1" id="1" name="X4.1" />
		<variable agent="A5" description="variable 5.1" domain="D1" id="1" name="X5.1" />
		<variable agent="A6" description="variable 6.1" domain="D1" id="1" name="X6.1" />
		<variable agent="A7" description="variable 7.1" domain="D1" id="1" name="X7.1" />
		<variable agent="A8" description="variable 8.1" domain="D1" id="1" name="X8.1" />
		<variable agent="A9" description="variable 9.1" domain="D1" id="1" name="X9.1" />
		<variable agent="A10" description="variable 10.1" domain="D1" id="1" name="X10.1" />
		<variable agent="A11" description="variable 11.1" domain="D1" id="1" name="X11.1" />
		<variable agent="A12" description="variable 12.1" domain="D1" id="1" name="X12.1" />
		<variable agent="A13" description="variable 13.1" domain="D1" id="1" name="X13.1" />
		<variable agent="A14" description="variable 14.1" domain="D1" id="1" name="X14.1" />
	</variables>
	<constraints initialCost="0" maximalCost="infinity" nbConstraints="18">
		<constraint arity="2" model="TKC" name="C0" reference="R0" scope="X1.1 X3.1" />
		<constraint arity="2" model="TKC" name="C1" reference="R1" scope="X2.1 X8.1" />
		<constraint arity="2" model="TKC" name="C2" reference="R2" scope="X2.1 X3.1" />
		<constraint arity="2" model="TKC" name="C3" reference="R3" scope="X2.1 X4.1" />
		<constraint arity="2" model="TKC" name="C4" reference="R4" scope="X3.1 X8.1" />
		<constraint arity="2" model="TKC" name="C5" reference="R5" scope="X3.1 X9.1" />
		<constraint arity="2" model="TKC" name="C6" reference="R6" scope="X3.1 X14.1" />
		<constraint arity="2" model="TKC" name="C7" reference="R7" scope="X3.1 X4.1" />
		<constraint arity="2" model="TKC" name="C8" reference="R8" scope="X4.1 X11.1" />
		<constraint arity="2" model="TKC" name="C9" reference="R9" scope="X5.1 X6.1" />
		<constraint arity="2" model="TKC" name="C10" reference="R10" scope="X6.1 X14.1" />
		<constraint arity="2" model="TKC" name="C11" reference="R11" scope="X6.1 X8.1" />
		<constraint arity="2" model="TKC" name="C12" reference="R12" scope="X6.1 X11.1" />
		<constraint arity="2" model="TKC" name="C13" reference="R13" scope="X7.1 X14.1" />
		<constraint arity="2" model="TKC" name="C14" reference="R14" scope="X8.1 X10.1" />
		<constraint arity="2" model="TKC" name="C15" reference="R15" scope="X8.1 X12.1" />
		<constraint arity="2" model="TKC" name="C16" reference="R16" scope="X9.1 X11.1" />
		<constraint arity="2" model="TKC" name="C17" reference="R17" scope="X13.1 X14.1" />
	</constraints>
	<relations nbRelations="18">
		<relation arity="2" defaultCost="infinity" name="R0" nbTuples="9" semantics="soft">86:1 2|64:3 3|66:2 3|44:2 2|62:3 2|78:3 1|68:1 1|38:1 3|89:2 1</relation>
		<relation arity="2" defaultCost="infinity" name="R1" nbTuples="9" semantics="soft">79:2 1|24:2 3|77:3 3|31:1 3|88:3 2|9:3 1|30:2 2|58:1 2|4:1 1</relation>
		<relation arity="2" defaultCost="infinity" name="R2" nbTuples="9" semantics="soft">33:2 1|86:2 2|54:3 1|28:2 3|81:3 3|6:1 1|20:3 2|82:1 2|94:1 3</relation>
		<relation arity="2" defaultCost="infinity" name="R3" nbTuples="9" semantics="soft">16:2 1|23:1 1|81:3 3|42:3 1|87:2 3|20:2 2|87:1 3|93:1 2|81:3 2</relation>
		<relation arity="2" defaultCost="infinity" name="R4" nbTuples="9" semantics="soft">60:1 1|83:1 2|37:2 3|91:1 3|84:2 2|71:3 1|25:3 3|63:3 2|51:2 1</relation>
		<relation arity="2" defaultCost="infinity" name="R5" nbTuples="9" semantics="soft">31:1 3|87:2 2|55:1 2|70:3 1|17:3 2|36:2 1|44:3 3|34:1 1|33:2 3</relation>
		<relation arity="2" defaultCost="infinity" name="R6" nbTuples="9" semantics="soft">34:2 1|38:3 2|39:3 1|95:2 2|85:1 1|99:3 3|50:1 2|65:1 3|28:2 3</relation>
		<relation arity="2" defaultCost="infinity" name="R7" nbTuples="9" semantics="soft">84:2 1|12:1 2|12:1 3|80:3 3|68:2 2|27:1 1|35:2 3|57:3 2|89:3 1</relation>
		<relation arity="2" defaultCost="infinity" name="R8" nbTuples="9" semantics="soft">14:1 3|3:2 3|24:1 1|26:1 2|27:2 1|73:3 3|48:2 2|96:3 2|99:3 1</relation>
		<relation arity="2" defaultCost="infinity" name="R9" nbTuples="9" semantics="soft">74:1 1|43:2 3|90:3 1|14:1 2|16:2 1|14:3 3|37:1 3|26:2 2|81:3 2</relation>
		<relation arity="2" defaultCost="infinity" name="R10" nbTuples="9" semantics="soft">89:1 2|70:1 1|0:3 1|0:3 3|48:2 3|69:2 2|58:1 3|64:3 2|5:2 1</relation>
		<relation arity="2" defaultCost="infinity" name="R11" nbTuples="9" semantics="soft">68:3 1|61:2 3|50:2 2|68:3 2|54:1 1|19:1 2|94:3 3|62:1 3|37:2 1</relation>
		<relation arity="2" defaultCost="infinity" name="R12" nbTuples="9" semantics="soft">36:1 1|98:3 2|60:3 3|50:2 3|23:1 3|97:2 2|41:2 1|89:3 1|76:1 2</relation>
		<relation arity="2" defaultCost="infinity" name="R13" nbTuples="9" semantics="soft">30:1 3|9:1 1|33:3 1|32:3 3|69:2 2|63:2 3|3:2 1|6:3 2|17:1 2</relation>
		<relation arity="2" defaultCost="infinity" name="R14" nbTuples="9" semantics="soft">82:2 2|19:1 2|43:3 1|9:1 1|15:2 3|12:3 2|28:2 1|49:3 3|53:1 3</relation>
		<relation arity="2" defaultCost="infinity" name="R15" nbTuples="9" semantics="soft">27:1 1|60:2 2|19:3 2|45:2 3|6:3 1|6:1 2|44:3 3|22:2 1|29:1 3</relation>
		<relation arity="2" defaultCost="infinity" name="R16" nbTuples="9" semantics="soft">97:1 2|43:3 2|72:2 1|63:2 3|96:2 2|63:1 1|5:3 1|6:1 3|44:3 3</relation>
		<relation arity="2" defaultCost="infinity" name="R17" nbTuples="9" semantics="soft">29:3 2|80:1 3|36:2 1|13:1 2|82:2 2|63:3 1|62:3 3|94:1 1|22:2 3</relation>
	</relations>
	<GuiPresentation benchmark="RandomDCOP" density="20" domainSize="3" model="TKC" name="instance1" nbAgents="14" nbConstraints="18" nbTuples="9" tightness="0" type="DCOP" />
</instance>